*Action(SiteID=UK|Country=GB|Currency=GBP|Version=745|CC=UTF-8),CustomLabel,*Category,StoreCategory,*Title,Subtitle,Relationship,RelationshipDetails,*ConditionID,*C:Brand,*C:Colour,*C:Fit,*C:Size,*C:Department,*C:Type,*C:Sleeve Length,C:Fabric Type,C:Theme,*C:Character,*C:Pattern,*C:Material,*C:Neckline,*C:Features,*C:Size Type,*C:Vintage,C:Accents,C:Closure,C:Occasion,C:Collar Style,C:Season,C:Graphic Print,C:Handmade,C:Product Line,C:Signed,C:Country/Region of Manufacture,C:Character Family,C:Personalised,C:Chest Size,C:Garment Care,C:Model,C:Year Manufactured,C:Manufacturer Colour,C:MPN,,PicURL,GalleryType,*Description,*Format,*Duration,*StartPrice,BuyItNowPrice,*Quantity,PayPalAccepted,PayPalEmailAddress,ImmediatePayRequired,PaymentInstructions,*Location,ShippingType,ShippingService-1:Option,ShippingService-1:Cost,ShippingService-2:Option,ShippingService-2:Cost,*DispatchTimeMax,PromotionalShippingDiscount,ShippingDiscountProfileID,DomesticRateTable,*ReturnsAcceptedOption,ReturnsWithinOption,RefundOption,ShippingCostPaidByOption,AdditionalDetails,ShippingProfileName,ReturnProfileName,PaymentProfileName
Add,,185702,, Linen Over Shirt / Large /  M /  Beige  / 6TT,,,,3000,Unbranded, Beige ,Regular, M,Men,,,,,,,,,,,Yes,,,,,,,,,,,,,,,,,,,,http://cdn.shopify.com/s/files/1/0380/3099/9685/products/AFEE5E37-517F-4505-B061-D194385502D9.jpg?v=1610377373|http://cdn.shopify.com/s/files/1/0380/3099/9685/products/1B3A7A47-0D1E-475B-B364-FE6C610AF65F.jpg?v=1610377374|http://cdn.shopify.com/s/files/1/0380/3099/9685/products/FDEF6065-74C0-41FA-9F04-A9A416100973.jpg?v=1610377375|http://cdn.shopify.com/s/files/1/0380/3099/9685/products/DB1B4364-6244-4997-81CA-E0C7F89F30B7.jpg?v=1610377374|http://cdn.shopify.com/s/files/1/0380/3099/9685/products/93B99EB9-FC78-4BB4-9395-6DA340607964.jpg?v=1610377374,,"Size on label: M<br>Recommended size: L<br>Pit to pit: 24"" // Shoulder to bottom: 30"" <br>Colour: Beige <br>Condition: Very good vintage condition. ",FixedPrice,30,40.925,,1,1,jackkaybuiss@hotmail.com,1,,"Preston, Lancashire",Flat,UK_RoyalMail48,0,,,2,,,,ReturnsNotAccepted,,,,,,,
Add,,185702,, AC/DC Bomber Jacket / Small /  M /  Black / 7TT,,,,3000,AC/DC, Black,Regular, M,Men,,,,,,,,,,,Yes,,,,,,,,,,,,,,,,,,,,http://cdn.shopify.com/s/files/1/0380/3099/9685/products/A1516363-94A6-4FB9-9F35-F996EB0E6896.jpg?v=1610374614|http://cdn.shopify.com/s/files/1/0380/3099/9685/products/F2753A1B-8B6A-4DED-BDD8-DFBB2F8E9A41.jpg?v=1610374614|http://cdn.shopify.com/s/files/1/0380/3099/9685/products/33286505-D22A-4CAC-B016-601BD02399CE.jpg?v=1610374614|http://cdn.shopify.com/s/files/1/0380/3099/9685/products/6B796875-A3C6-4CDA-9393-48F2BFB6D3EE.jpg?v=1610374611,,"Size on label: M<br>Recommended size: S<br>Pit to pit: 21"" // Shoulder to bottom: 23"" <br>Colour: Black<br>Condition: Very good vintage condition. ",FixedPrice,30,75.9275,,1,1,jackkaybuiss@hotmail.com,1,,"Preston, Lancashire",Flat,UK_RoyalMail48,0,,,2,,,,ReturnsNotAccepted,,,,,,,
Add,,185702,, USA Air Force Bomber Jacket / Medium /  N/A /  Black / 8TT,,,,3000,Unbranded, Black,Regular, N/A,Men,,,,,,,,,,,Yes,,,,,,,,,,,,,,,,,,,,http://cdn.shopify.com/s/files/1/0380/3099/9685/products/327B491D-E0C0-4524-865E-9D3D226CBDC5.jpg?v=1610374572|http://cdn.shopify.com/s/files/1/0380/3099/9685/products/318096B8-03D7-4609-9D54-89667B2EBCD9.jpg?v=1610374572|http://cdn.shopify.com/s/files/1/0380/3099/9685/products/D5DD1AA7-5D64-4A0E-9249-A0D5A9045773.jpg?v=1610374572,,"Size on label: N/A<br>Recommended size: M<br>Pit to pit: 25"" // Shoulder to bottom: 24"" <br>Colour: Black<br>Condition: Very good vintage condition. ",FixedPrice,30,75.9275,,1,1,jackkaybuiss@hotmail.com,1,,"Preston, Lancashire",Flat,UK_RoyalMail48,0,,,2,,,,ReturnsNotAccepted,,,,,,,
Add,,185702,, USA Army Bomber Jacket / Large /  N/A /  Khaki Green / 9TT,,,,3000,Unbranded, Khaki Green,Regular, N/A,Men,,,,,,,,,,,Yes,,,,,,,,,,,,,,,,,,,,http://cdn.shopify.com/s/files/1/0380/3099/9685/products/72460226-D5D2-4225-BB81-26794F4A92BA.jpg?v=1610374532|http://cdn.shopify.com/s/files/1/0380/3099/9685/products/72A72FBB-6ABA-417A-ACFC-CC19D79D818B.jpg?v=1610374532|http://cdn.shopify.com/s/files/1/0380/3099/9685/products/67329581-4924-46C1-9261-BFCE8EC5DB49.jpg?v=1610374532,,"Size on label: N/A<br>Recommended size: L<br>Pit to pit: 27"" // Shoulder to bottom: 27"" <br>Colour: Khaki Green<br>Condition: Very good vintage condition. ",FixedPrice,30,75.9275,,1,1,jackkaybuiss@hotmail.com,1,,"Preston, Lancashire",Flat,UK_RoyalMail48,0,,,2,,,,ReturnsNotAccepted,,,,,,,
Add,,185702,, Aztec Hooded Fleece Coat  / Large /  N/A /  Blue / Cream / 10TT,,,,3000,Unbranded, Blue / Cream,Regular, N/A,Men,,,,,,,,,,,Yes,,,,,,,,,,,,,,,,,,,,http://cdn.shopify.com/s/files/1/0380/3099/9685/products/6C73D216-3032-4E2E-81B2-0B254A505211.jpg?v=1610365583|http://cdn.shopify.com/s/files/1/0380/3099/9685/products/C9C1ECA7-5368-46DE-BE7F-CBD80A52B9C3.jpg?v=1610365583|http://cdn.shopify.com/s/files/1/0380/3099/9685/products/B20531D7-0668-46DA-8564-AD31AD988A21.jpg?v=1610365583|http://cdn.shopify.com/s/files/1/0380/3099/9685/products/71A455D3-BDC4-424E-BB9F-75B3E88F34A2.jpg?v=1610365583,,"Size on label: N/A<br>Recommended size: L<br>Pit to pit: 24"" // Shoulder to bottom: 30"" <br>Colour: Blue / Cream<br>Condition: Very good vintage condition. ",FixedPrice,30,61.4275,,1,1,jackkaybuiss@hotmail.com,1,,"Preston, Lancashire",Flat,UK_RoyalMail48,0,,,2,,,,ReturnsNotAccepted,,,,,,,
Add,,185702,, 90'S TOMMY HILFIGER JACKET / MEDIUM /  M /  Green / Yellow  / 12TT,,,,3000,Tommy Hilfiger, Green / Yellow ,Regular, M,Men,,,,,,,,,,,Yes,,,,,,,,,,,,,,,,,,,,http://cdn.shopify.com/s/files/1/0380/3099/9685/products/DSC_3401.jpg?v=1608739732|http://cdn.shopify.com/s/files/1/0380/3099/9685/products/DSC_3403.jpg?v=1608739732|http://cdn.shopify.com/s/files/1/0380/3099/9685/products/DSC_3404.jpg?v=1608739733,,"Size on label: M<br>Recommended size: M<br>Pit to pit: 24"" // Shoulder to bottom: 27"" <br>Colour: Green / Yellow <br>Condition: Very good vintage condition! ",FixedPrice,30,142.935,,1,1,jackkaybuiss@hotmail.com,1,,"Preston, Lancashire",Flat,UK_RoyalMail48,0,,,2,,,,ReturnsNotAccepted,,,,,,,
Add,,185702,, 90'S TOMMY HILFIGER JACKET / LARGE /  L /  Yellow  / 13TT,,,,3000,Tommy Hilfiger, Yellow ,Regular, L,Men,,,,,,,,,,,Yes,,,,,,,,,,,,,,,,,,,,http://cdn.shopify.com/s/files/1/0380/3099/9685/products/DSC_3405.jpg?v=1608739456|http://cdn.shopify.com/s/files/1/0380/3099/9685/products/DSC_3406.jpg?v=1608739455|http://cdn.shopify.com/s/files/1/0380/3099/9685/products/DSC_3407.jpg?v=1608739456|http://cdn.shopify.com/s/files/1/0380/3099/9685/products/DSC_3408.jpg?v=1608739455,,"Size on label: L<br>Recommended size: L <br>Pit to pit: 26"" // Shoulder to bottom: 30"" <br>Colour: Yellow <br>Condition: Very good vintage condition! ",FixedPrice,30,103.935,,1,1,jackkaybuiss@hotmail.com,1,,"Preston, Lancashire",Flat,UK_RoyalMail48,0,,,2,,,,ReturnsNotAccepted,,,,,,,
Add,,185702,, YSL JACKET / LARGE /  N/A /  Black / 14TT,,,,3000,YSL, Black,Regular, N/A,Men,,,,,,,,,,,Yes,,,,,,,,,,,,,,,,,,,,http://cdn.shopify.com/s/files/1/0380/3099/9685/products/DSC_3442.jpg?v=1608738645|http://cdn.shopify.com/s/files/1/0380/3099/9685/products/DSC_3443.jpg?v=1608738645|http://cdn.shopify.com/s/files/1/0380/3099/9685/products/DSC_3444.jpg?v=1608738646,,"Size on label: N/A<br>Recommended size: L<br>Pit to pit: 24"" // Shoulder to bottom: 29"" <br>Colour: Black<br>Condition: Very good vintage condition! ",FixedPrice,30,129.935,,1,1,jackkaybuiss@hotmail.com,1,,"Preston, Lancashire",Flat,UK_RoyalMail48,0,,,2,,,,ReturnsNotAccepted,,,,,,,
Add,,185702,, YSL HARRINGTON JACKET / MEDIUM /  100 /  White  / 15TT,,,,3000,YSL, White ,Regular,100,Men,,,,,,,,,,,Yes,,,,,,,,,,,,,,,,,,,,http://cdn.shopify.com/s/files/1/0380/3099/9685/products/DSC_3445.jpg?v=1608732891|http://cdn.shopify.com/s/files/1/0380/3099/9685/products/DSC_3447.jpg?v=1608732892|http://cdn.shopify.com/s/files/1/0380/3099/9685/products/DSC_3448.jpg?v=1608732891|http://cdn.shopify.com/s/files/1/0380/3099/9685/products/DSC_3449.jpg?v=1608732891,,"Size on label: 100<br>Recommended size: M<br>Pit to pit: 23"" // Shoulder to bottom: 26"" <br>Colour: White <br>Condition: Very good vintage condition! ",FixedPrice,30,129.935,,1,1,jackkaybuiss@hotmail.com,1,,"Preston, Lancashire",Flat,UK_RoyalMail48,0,,,2,,,,ReturnsNotAccepted,,,,,,,
Add,,185702,, THE NORTH FACE NUPTSE 700 PUFFER JACKET / MEDIUM /  95/M /  Navy / Grey  / 17TT,,,,3000,The North Face, Navy / Grey ,Regular, 95/M,Men,,,,,,,,,,,Yes,,,,,,,,,,,,,,,,,,,,http://cdn.shopify.com/s/files/1/0380/3099/9685/products/CC4B131C-4F55-4AB2-BED8-A2591252CC3D.jpg?v=1607979774|http://cdn.shopify.com/s/files/1/0380/3099/9685/products/DB86D6BF-2659-4C58-AFD6-5C03433EBD75.jpg?v=1607979774|http://cdn.shopify.com/s/files/1/0380/3099/9685/products/F23852D1-2CC1-4924-8DD4-57CA1A05BBDA.jpg?v=1607979774|http://cdn.shopify.com/s/files/1/0380/3099/9685/products/16E376EA-0538-4EFF-B03F-96EE105D59DB.jpg?v=1607979774,,"Size on label: 95/M<br>Recommended size: M<br>Pit to pit: 24"" // Shoulder to bottom: 27"" <br>Colour: Navy / Grey <br>Condition: Very good vintage condition! ",FixedPrice,30,194.935,,1,1,jackkaybuiss@hotmail.com,1,,"Preston, Lancashire",Flat,UK_RoyalMail48,0,,,2,,,,ReturnsNotAccepted,,,,,,,
Add,,185702,, 90's NIKE LIGHTWEIGHT JACKET / XL /  XL /  Green / Dark Blue / White  / 18TT,,,,3000,Nike, Green / Dark Blue / White ,Regular, XL,Men,,,,,,,,,,,Yes,,,,,,,,,,,,,,,,,,,,http://cdn.shopify.com/s/files/1/0380/3099/9685/products/A279E683-34E3-49D2-987C-606E6BD60D0C.jpg?v=1607684471|http://cdn.shopify.com/s/files/1/0380/3099/9685/products/E954865B-D0B7-462D-B06E-C070BE1E4CF8.jpg?v=1607684471|http://cdn.shopify.com/s/files/1/0380/3099/9685/products/1574BD9F-276F-4438-A793-AC56B7E6F6A6.jpg?v=1607684472,,"Size on label: XL<br>Recommended size: XL<br>Pit to pit: 27"" // Shoulder to bottom: 28"" <br>Colour: Green / Dark Blue / White <br>Condition: Very good vintage condition! ",FixedPrice,30,65.7775,,1,1,jackkaybuiss@hotmail.com,1,,"Preston, Lancashire",Flat,UK_RoyalMail48,0,,,2,,,,ReturnsNotAccepted,,,,,,,
Add,,185702,, 90's NIKE LIGHTWEIGHT JACKET / LARGE /  L /  Grey / Black  / 19TT,,,,3000,Nike, Grey / Black ,Regular, L,Men,,,,,,,,,,,Yes,,,,,,,,,,,,,,,,,,,,http://cdn.shopify.com/s/files/1/0380/3099/9685/products/8B5EDDEA-1338-49A2-827E-296B42DA06A9.jpg?v=1607684385|http://cdn.shopify.com/s/files/1/0380/3099/9685/products/E09A626E-3BD1-4F31-8D15-1AE75236B397.jpg?v=1607684385|http://cdn.shopify.com/s/files/1/0380/3099/9685/products/3A3825A7-41FD-4B44-866C-4CDF5CA73DCA.jpg?v=1607684386,,"Size on label: L<br>Recommended size: L<br>Pit to pit: 26"" // Shoulder to bottom: 28"" <br>Colour: Grey / Black <br>Condition: Excellent vintage condition! ",FixedPrice,30,65.7775,,1,1,jackkaybuiss@hotmail.com,1,,"Preston, Lancashire",Flat,UK_RoyalMail48,0,,,2,,,,ReturnsNotAccepted,,,,,,,
Add,,185702,, 90's NIKE HOODED JACKET / XL /  XXL /  Burgundy / 20TT,,,,3000,Nike, Burgundy,Regular, XXL,Men,,,,,,,,,,,Yes,,,,,,,,,,,,,,,,,,,,http://cdn.shopify.com/s/files/1/0380/3099/9685/products/42D063AB-0975-4A4F-B781-12428AAB2284.jpg?v=1607960724|http://cdn.shopify.com/s/files/1/0380/3099/9685/products/E1F1F64E-DC09-4E45-9B32-BA97BFF507A7.jpg?v=1607960725|http://cdn.shopify.com/s/files/1/0380/3099/9685/products/9F1B3A0B-C19B-4B7F-824D-F95726B9FCE1.jpg?v=1607960725|http://cdn.shopify.com/s/files/1/0380/3099/9685/products/BF694CFD-8825-4C8A-9545-5E3ECE754451.jpg?v=1607960725|http://cdn.shopify.com/s/files/1/0380/3099/9685/products/79B9DCAE-7DB4-4332-B7C1-BAFAD1A73E6E.jpg?v=1607960724,,"Size on label: XXL<br>Recommended size: XL<br>Pit to pit: 30"" // Shoulder to bottom: 29"" <br>Colour: Burgundy<br>Condition: Very good vintage condition! One small hole on the sleeve. ",FixedPrice,30,76.93,,1,1,jackkaybuiss@hotmail.com,1,,"Preston, Lancashire",Flat,UK_RoyalMail48,0,,,2,,,,ReturnsNotAccepted,,,,,,,
Add,,185702,, 80's NIKE LIGHTWEIGHT JACKET / XL /  XL /  Blue / Purple / Green  / 21TT,,,,3000,Nike, Blue / Purple / Green ,Regular, XL,Men,,,,,,,,,,,Yes,,,,,,,,,,,,,,,,,,,,http://cdn.shopify.com/s/files/1/0380/3099/9685/products/6ABF51F6-24FE-4E5D-90B3-5783EC70822C.jpg?v=1607684089|http://cdn.shopify.com/s/files/1/0380/3099/9685/products/529177C3-7067-486F-B650-50C974C62C57.jpg?v=1607684089|http://cdn.shopify.com/s/files/1/0380/3099/9685/products/C1D53CFC-D0D8-4C82-817B-0877BDF8510D.jpg?v=1607684090,,"Size on label: XL<br>Recommended size: XL<br>Pit to pit: 27"" // Shoulder to bottom: 29"" <br>Colour: Blue / Purple / Green <br>Condition: Very good vintage condition! ",FixedPrice,30,75.9275,,1,1,jackkaybuiss@hotmail.com,1,,"Preston, Lancashire",Flat,UK_RoyalMail48,0,,,2,,,,ReturnsNotAccepted,,,,,,,
Add,,185702,, 90’s NIKE HOODED JACKET / LARGE /  L /  Navy / Grey  / 22TT,,,,3000,Nike, Navy / Grey ,Regular, L,Men,,,,,,,,,,,Yes,,,,,,,,,,,,,,,,,,,,http://cdn.shopify.com/s/files/1/0380/3099/9685/products/76B11DF6-3D47-4516-B45B-F5E1CC4E0808.jpg?v=1607683945|http://cdn.shopify.com/s/files/1/0380/3099/9685/products/19CBC2F2-C074-4D0F-BCD4-D733BDFA8277.jpg?v=1607683945|http://cdn.shopify.com/s/files/1/0380/3099/9685/products/0BEE86C1-9352-432B-9CCE-38950D4C15C0.jpg?v=1607683944,,"Size on label: L<br>Recommended size: L<br>Pit to pit: 26"" // Shoulder to bottom: 27"" <br>Colour: Navy / Grey <br>Condition: Very good vintage condition! ",FixedPrice,30,83.93,,1,1,jackkaybuiss@hotmail.com,1,,"Preston, Lancashire",Flat,UK_RoyalMail48,0,,,2,,,,ReturnsNotAccepted,,,,,,,
Add,,185702,, 90’s NIKE COAT / LARGE /  M /  Navy   / 23TT,,,,3000,Nike, Navy  ,Regular, M,Men,,,,,,,,,,,Yes,,,,,,,,,,,,,,,,,,,,http://cdn.shopify.com/s/files/1/0380/3099/9685/products/C985C980-6012-4B18-A996-56B21D1D9963.jpg?v=1607683900|http://cdn.shopify.com/s/files/1/0380/3099/9685/products/95097E9A-876B-4C11-BD78-54B74A135E30.jpg?v=1607683900|http://cdn.shopify.com/s/files/1/0380/3099/9685/products/A4AA9AA9-40DB-42A3-B7C6-10FFA28BBC1D.jpg?v=1607683901,,"Size on label: M<br>Recommended size: L (Long) <br>Pit to pit: 26"" // Shoulder to bottom: 32"" <br>Colour: Navy  <br>Condition: Very good vintage condition! ",FixedPrice,30,84.9825,,1,1,jackkaybuiss@hotmail.com,1,,"Preston, Lancashire",Flat,UK_RoyalMail48,0,,,2,,,,ReturnsNotAccepted,,,,,,,
Add,,185702,, 90's Adidas Coat / Xtra Large /  L /  Black / Green  / 24TT,,,,3000,Adidas, Black / Green ,Regular, L,Men,,,,,,,,,,,Yes,,,,,,,,,,,,,,,,,,,,http://cdn.shopify.com/s/files/1/0380/3099/9685/products/37DB8FF2-DCED-4AD9-97A0-3849EC192133.jpg?v=1607011036|http://cdn.shopify.com/s/files/1/0380/3099/9685/products/83BE607C-E9D3-4C64-8F04-7C9DDDCED152.jpg?v=1607011036|http://cdn.shopify.com/s/files/1/0380/3099/9685/products/B50E2DF2-DAAB-45D3-B99E-EA84674F2932.jpg?v=1607011037|http://cdn.shopify.com/s/files/1/0380/3099/9685/products/A93B9C9E-A90E-4756-B321-AC87D9CAE277.jpg?v=1607011037,,"Size on label: L<br>Recommended size: XL<br>Pit to pit: 28"" // Shoulder to bottom: 28"" <br>Colour: Black / Green <br>Condition: Good vintage condition some signs of wear. ",FixedPrice,30,76.93,,1,1,jackkaybuiss@hotmail.com,1,,"Preston, Lancashire",Flat,UK_RoyalMail48,0,,,2,,,,ReturnsNotAccepted,,,,,,,
Add,,185702,, Ralph Lauren Gilet / Xtra Large /  XL /  Burnt Orange  / 25TT,,,,3000,Ralph Lauren, Burnt Orange ,Regular, XL,Men,,,,,,,,,,,Yes,,,,,,,,,,,,,,,,,,,,http://cdn.shopify.com/s/files/1/0380/3099/9685/products/7207FC64-EA39-4F6C-8568-9ADC8E3DF72B.jpg?v=1607011880|http://cdn.shopify.com/s/files/1/0380/3099/9685/products/B3CCC3B0-D865-4C5C-A2D4-107DFBEB180E.jpg?v=1607011880|http://cdn.shopify.com/s/files/1/0380/3099/9685/products/21B8DA96-2624-450C-BE95-DB68EAA6B68C.jpg?v=1607011880,,"Size on label: XL<br>Recommended size: XL<br>Pit to pit: 25"" // Shoulder to bottom: 28"" <br>Colour: Burnt Orange <br>Condition: Very good vintage condition. ",FixedPrice,30,76.93,,1,1,jackkaybuiss@hotmail.com,1,,"Preston, Lancashire",Flat,UK_RoyalMail48,0,,,2,,,,ReturnsNotAccepted,,,,,,,
Add,,185702,, Lacoste Puffer Jacket / Medium /  40 /  Teal  / 26TT,,,,3000,Lacoste, Teal ,Regular,40,Men,,,,,,,,,,,Yes,,,,,,,,,,,,,,,,,,,,http://cdn.shopify.com/s/files/1/0380/3099/9685/products/C04D16BB-819F-4234-8682-1D5176D4E37A.jpg?v=1607011786|http://cdn.shopify.com/s/files/1/0380/3099/9685/products/3B4AC9E3-421C-4217-9B5C-E9D29E735807.jpg?v=1607011787|http://cdn.shopify.com/s/files/1/0380/3099/9685/products/877FC8AC-1437-4846-9AFA-D00F1CE3EF01.jpg?v=1607011786,,"Size on label: 40<br>Recommended size: M<br>Pit to pit: 23"" // Shoulder to bottom: 24"" <br>Colour: Teal <br>Condition: Very good vintage condition. ",FixedPrice,30,94.4325,,1,1,jackkaybuiss@hotmail.com,1,,"Preston, Lancashire",Flat,UK_RoyalMail48,0,,,2,,,,ReturnsNotAccepted,,,,,,,
Add,,185702,, 90's Adidas Coat / Xtra Large /  D6 F180  /  Black / Green / White  / 27TT,,,,3000,Adidas, Black / Green / White ,Regular, D6 F180 ,Men,,,,,,,,,,,Yes,,,,,,,,,,,,,,,,,,,,http://cdn.shopify.com/s/files/1/0380/3099/9685/products/15A24B2F-623F-4B3F-951C-6AF982059C21.jpg?v=1607011003|http://cdn.shopify.com/s/files/1/0380/3099/9685/products/D2F52B04-453D-497D-9940-E7F7C4591CCD.jpg?v=1607011005|http://cdn.shopify.com/s/files/1/0380/3099/9685/products/6B1DB871-B993-4638-873F-CD22A09691A6.jpg?v=1607011003,,"Size on label: D6 F180 <br>Recommended size: XL <br>Pit to pit: 27"" // Shoulder to bottom: 33"" <br>Colour: Black / Green / White <br>Condition: Good vintage condition. ",FixedPrice,30,75.9275,,1,1,jackkaybuiss@hotmail.com,1,,"Preston, Lancashire",Flat,UK_RoyalMail48,0,,,2,,,,ReturnsNotAccepted,,,,,,,
Add,,185702,, 00's Nike Puffer Jacket / Xtra Small /  XS   /  Orange  / 28TT,,,,3000,Nike, Orange ,Regular, XS  ,Men,,,,,,,,,,,Yes,,,,,,,,,,,,,,,,,,,,http://cdn.shopify.com/s/files/1/0380/3099/9685/products/31625EE4-2FF8-4894-994D-A3068B16BEBC.jpg?v=1607010926|http://cdn.shopify.com/s/files/1/0380/3099/9685/products/282670D5-C1BC-42F5-AF1A-EFDFBA13029A.jpg?v=1607010926|http://cdn.shopify.com/s/files/1/0380/3099/9685/products/C33D3FCD-0884-455D-BF7F-87D9B5CEAA63.jpg?v=1607010926,,"Size on label: XS  <br>Recommended size: XS <br>Pit to pit: 20"" // Shoulder to bottom: 25"" <br>Colour: Orange <br>Condition: Very good vintage condition. ",FixedPrice,30,68.6775,,1,1,jackkaybuiss@hotmail.com,1,,"Preston, Lancashire",Flat,UK_RoyalMail48,0,,,2,,,,ReturnsNotAccepted,,,,,,,
Add,,185702,, 90's Nautica Coat / Xtra Large /  N/A /  Green / Burgundy / Navy  / 29TT,,,,3000,Nautica, Green / Burgundy / Navy ,Regular, N/A,Men,,,,,,,,,,,Yes,,,,,,,,,,,,,,,,,,,,http://cdn.shopify.com/s/files/1/0380/3099/9685/products/48B9F2AE-3CFD-4266-B223-C6575298BE14.jpg?v=1607011071|http://cdn.shopify.com/s/files/1/0380/3099/9685/products/54DD64EE-DFBB-4847-91A3-6BB586A21530.jpg?v=1607011071|http://cdn.shopify.com/s/files/1/0380/3099/9685/products/003FEFDC-25F4-44F9-BE28-279FF3E16B42.jpg?v=1607011071,,"Size on label: N/A<br>Recommended size: XL<br>Pit to pit: 26"" // Shoulder to bottom: 27"" <br>Colour: Green / Burgundy / Navy <br>Condition: Good vintage condition. ",FixedPrice,30,83.93,,1,1,jackkaybuiss@hotmail.com,1,,"Preston, Lancashire",Flat,UK_RoyalMail48,0,,,2,,,,ReturnsNotAccepted,,,,,,,
Add,,185702,, The North Face 700 Nuptse Puffer Jacket / Large /  L  /  Lime / Black  / 33TT,,,,3000,The North Face, Lime / Black ,Regular, L ,Men,,,,,,,,,,,Yes,,,,,,,,,,,,,,,,,,,,http://cdn.shopify.com/s/files/1/0380/3099/9685/products/6568A9D0-C5E7-45FF-9B88-8DA37D9CFB1B.jpg?v=1606922428|http://cdn.shopify.com/s/files/1/0380/3099/9685/products/2CBD67D2-2A4A-4B65-AAFD-44313D976E26.jpg?v=1606922428|http://cdn.shopify.com/s/files/1/0380/3099/9685/products/34DF8132-491A-49D2-B11D-7E21F1CF7DBD.jpg?v=1606922428|http://cdn.shopify.com/s/files/1/0380/3099/9685/products/EAD966C4-6B0A-4F55-B6ED-0C1DEC70F5FC.jpg?v=1606922429,,"Size on label: L <br>Recommended size: L<br>Pit to pit: 25"" // Shoulder to bottom: 28"" <br>Colour: Lime / Black <br>Condition: Very good vintage condition!  ",FixedPrice,30,162.435,,1,1,jackkaybuiss@hotmail.com,1,,"Preston, Lancashire",Flat,UK_RoyalMail48,0,,,2,,,,ReturnsNotAccepted,,,,,,,
Add,,185702,, The North Face Hyvent Jacket / Small /  85 / M  /  Khaki Green  / 34TT,,,,3000,The North Face, Khaki Green ,Regular, 85 / M ,Men,,,,,,,,,,,Yes,,,,,,,,,,,,,,,,,,,,http://cdn.shopify.com/s/files/1/0380/3099/9685/products/DSC_3237.jpg?v=1606327214|http://cdn.shopify.com/s/files/1/0380/3099/9685/products/DSC_3238.jpg?v=1606327214|http://cdn.shopify.com/s/files/1/0380/3099/9685/products/DSC_3239.jpg?v=1606327214|http://cdn.shopify.com/s/files/1/0380/3099/9685/products/DSC_3240.jpg?v=1606327214,,"Size on label: 85 / M <br>Recommended size: M<br>Pit to pit: 23"" // Shoulder to bottom: 26"" <br>Colour: Khaki Green <br>Condition: Very good vintage condition!  ",FixedPrice,30,68.6775,,1,1,jackkaybuiss@hotmail.com,1,,"Preston, Lancashire",Flat,UK_RoyalMail48,0,,,2,,,,ReturnsNotAccepted,,,,,,,
Add,,185702,, 90's Ralph Lauren X Puffer Jacket / Xtra Large /  XL /  Royal Blue / 36TT,,,,3000,Ralph Lauren, Royal Blue,Regular, XL,Men,,,,,,,,,,,Yes,,,,,,,,,,,,,,,,,,,,http://cdn.shopify.com/s/files/1/0380/3099/9685/products/DSC_3228.jpg?v=1606326545|http://cdn.shopify.com/s/files/1/0380/3099/9685/products/DSC_3230.jpg?v=1606326544|http://cdn.shopify.com/s/files/1/0380/3099/9685/products/DSC_3231.jpg?v=1606326545|http://cdn.shopify.com/s/files/1/0380/3099/9685/products/DSC_3232.jpg?v=1606326544,,"Size on label: XL<br>Recommended size: XL<br>Pit to pit: 21"" // Shoulder to bottom: 24"" <br>Colour: Royal Blue<br>Condition: Very good vintage condition but has one small rip on the back + missing removable hood. Please see the final photo for the small hole. ",FixedPrice,30,116.935,,1,1,jackkaybuiss@hotmail.com,1,,"Preston, Lancashire",Flat,UK_RoyalMail48,0,,,2,,,,ReturnsNotAccepted,,,,,,,
Add,,185702,, Napapijri Fur Parker Jacket / Xtra large /  N/A /  Black  / 37TT,,,,3000,Napapijiri, Black ,Regular, N/A,Men,,,,,,,,,,,Yes,,,,,,,,,,,,,,,,,,,,http://cdn.shopify.com/s/files/1/0380/3099/9685/products/DSC_3224.jpg?v=1606324717|http://cdn.shopify.com/s/files/1/0380/3099/9685/products/DSC_3225.jpg?v=1606324717|http://cdn.shopify.com/s/files/1/0380/3099/9685/products/DSC_3226.jpg?v=1606324718|http://cdn.shopify.com/s/files/1/0380/3099/9685/products/DSC_3227.jpg?v=1606324717,,"Size on label: N/A<br>Recommended size: XL<br>Pit to pit: 28"" // Shoulder to bottom: 36"" <br>Colour: Black <br>Condition: Very good vintage condition!  ",FixedPrice,30,155.935,,1,1,jackkaybuiss@hotmail.com,1,,"Preston, Lancashire",Flat,UK_RoyalMail48,0,,,2,,,,ReturnsNotAccepted,,,,,,,
Add,,185702,, Fila Magic Coat / Xtra Large /  XL /  Dark Green   / 41TT,,,,3000,Fila, Dark Green  ,Regular, XL,Men,,,,,,,,,,,Yes,,,,,,,,,,,,,,,,,,,,http://cdn.shopify.com/s/files/1/0380/3099/9685/products/DSC_3321.jpg?v=1605546162|http://cdn.shopify.com/s/files/1/0380/3099/9685/products/DSC_3323_db9a9969-89be-4394-9830-f1b6bbbd8f23.jpg?v=1605546163|http://cdn.shopify.com/s/files/1/0380/3099/9685/products/DSC_3322.jpg?v=1605546162|http://cdn.shopify.com/s/files/1/0380/3099/9685/products/DSC_3324.jpg?v=1605546162,,"Size on label: XL<br>Recommended size: XL<br>Pit to pit: 27"" // Shoulder to bottom: 31"" <br>Colour: Dark Green  <br>Condition: Very good vintage condition. ",FixedPrice,30,94.4325,,1,1,jackkaybuiss@hotmail.com,1,,"Preston, Lancashire",Flat,UK_RoyalMail48,0,,,2,,,,ReturnsNotAccepted,,,,,,,
Add,,185702,, Adidas Cortina 1956 Winter Olympics Coat / Xtra Large /  L /  Dark Blue  / 43TT,,,,3000,Adidas, Dark Blue ,Regular, L,Men,,,,,,,,,,,Yes,,,,,,,,,,,,,,,,,,,,http://cdn.shopify.com/s/files/1/0380/3099/9685/products/DSC_3311_273fc708-b5f6-408c-9e79-a473cbfd6be8.jpg?v=1605545175|http://cdn.shopify.com/s/files/1/0380/3099/9685/products/DSC_3313_03999a84-49ec-4bda-be2e-be60f9594af5.jpg?v=1605545176|http://cdn.shopify.com/s/files/1/0380/3099/9685/products/DSC_3314_0d1f827f-2673-4553-875f-3cd4b34c7f04.jpg?v=1605545176|http://cdn.shopify.com/s/files/1/0380/3099/9685/products/DSC_3312_f053068d-3d2b-4a11-a1b6-e74d28c63244.jpg?v=1605545175|http://cdn.shopify.com/s/files/1/0380/3099/9685/products/DSC_3315_963083f9-7294-4134-947e-7d32196d8f2f.jpg?v=1605545176,,"Size on label: L<br>Recommended size: XL<br>Pit to pit: 28"" // Shoulder to bottom: 33"" <br>Colour: Dark Blue <br>Condition: Very good vintage condition. ",FixedPrice,30,76.93,,1,1,jackkaybuiss@hotmail.com,1,,"Preston, Lancashire",Flat,UK_RoyalMail48,0,,,2,,,,ReturnsNotAccepted,,,,,,,
Add,,185702,, Napapijri Anorak / Xtra Large /  N/A /  Dark Green  / 44TT,,,,3000,Napapijiri, Dark Green ,Regular, N/A,Men,,,,,,,,,,,Yes,,,,,,,,,,,,,,,,,,,,http://cdn.shopify.com/s/files/1/0380/3099/9685/products/DSC_3308_5662fdb8-dc3a-4670-b47d-a52c09f1eab9.jpg?v=1605544911|http://cdn.shopify.com/s/files/1/0380/3099/9685/products/DSC_3310_4c26f928-5212-4df0-b2f9-58d5f1ee6c14.jpg?v=1605544910|http://cdn.shopify.com/s/files/1/0380/3099/9685/products/DSC_3309_ba3c2327-8ad6-47c6-a87e-c88ee259fc3d.jpg?v=1605544910,,"Size on label: N/A<br>Recommended size: XL <br>Pit to pit: 28"" // Shoulder to bottom: 30"" <br>Colour: Dark Green <br>Condition: Very good vintage condition.  Small hole & mark on the sleeve. ",FixedPrice,30,68.6775,,1,1,jackkaybuiss@hotmail.com,1,,"Preston, Lancashire",Flat,UK_RoyalMail48,0,,,2,,,,ReturnsNotAccepted,,,,,,,
Add,,185702,, The North Face 600  Puffer Jacket / Xtra Large /  XXL /  Black  / 45TT,,,,3000,The North Face, Black ,Regular, XXL,Men,,,,,,,,,,,Yes,,,,,,,,,,,,,,,,,,,,http://cdn.shopify.com/s/files/1/0380/3099/9685/products/DSC_3244.jpg?v=1604343237|http://cdn.shopify.com/s/files/1/0380/3099/9685/products/DSC_3246.jpg?v=1604343237|http://cdn.shopify.com/s/files/1/0380/3099/9685/products/DSC_3245.jpg?v=1604343238|http://cdn.shopify.com/s/files/1/0380/3099/9685/products/DSC_3247.jpg?v=1604343237,,"Size on label: XXL<br>Recommended size: XL<br>Pit to pit: 25"" // Shoulder to bottom: 28.5"" <br>Colour: Black <br>Condition: Very good vintage condition! ",FixedPrice,30,123.435,,1,1,jackkaybuiss@hotmail.com,1,,"Preston, Lancashire",Flat,UK_RoyalMail48,0,,,2,,,,ReturnsNotAccepted,,,,,,,
Add,,185702,, Women's The North Face 700 Puffer Jacket / Small /  80 / S /  Hot Pink  / 46TT,,,,3000,The North Face, Hot Pink ,Regular, 80 / S,Men,,,,,,,,,,,Yes,,,,,,,,,,,,,,,,,,,,http://cdn.shopify.com/s/files/1/0380/3099/9685/products/DSC_3174_96aadf40-e9d1-4517-86a9-6adbd49f6282.jpg?v=1604338769|http://cdn.shopify.com/s/files/1/0380/3099/9685/products/DSC_3176_8bb2391d-b08a-428f-bb05-f5f6fb09418a.jpg?v=1604338770|http://cdn.shopify.com/s/files/1/0380/3099/9685/products/DSC_3177_8901d417-9f6e-469f-8d4d-35f09056b7ea.jpg?v=1604338769|http://cdn.shopify.com/s/files/1/0380/3099/9685/products/DSC_3175_3b3e356d-6a20-4203-9c4e-a35896659488.jpg?v=1604338770,,"Size on label: 80 / S<br>Recommended size: S<br>Pit to pit: 19"" // Shoulder to bottom: 24"" <br>Colour: Hot Pink <br>Condition: Very good vintage condition! Missing removable hood. ",FixedPrice,30,149.435,,1,1,jackkaybuiss@hotmail.com,1,,"Preston, Lancashire",Flat,UK_RoyalMail48,0,,,2,,,,ReturnsNotAccepted,,,,,,,
Add,,185702,, The North Face 800 Puffer Jacket / Medium /  95 / M /  Dark Blue / Black  / 47TT,,,,3000,The North Face, Dark Blue / Black ,Regular, 95 / M,Men,,,,,,,,,,,Yes,,,,,,,,,,,,,,,,,,,,http://cdn.shopify.com/s/files/1/0380/3099/9685/products/DSC_3170_10cc7a2c-5c85-447a-9802-02dd84a53eca.jpg?v=1604338585|http://cdn.shopify.com/s/files/1/0380/3099/9685/products/DSC_3172_b8a83efb-9d13-4bd4-ab91-fc44c8f1beca.jpg?v=1604338584|http://cdn.shopify.com/s/files/1/0380/3099/9685/products/DSC_3171_0094959d-2cac-469b-83a7-f7f380935d24.jpg?v=1604338585|http://cdn.shopify.com/s/files/1/0380/3099/9685/products/DSC_3173_de31a5bb-434c-4889-8bee-a6f1e5098fec.jpg?v=1604338585,,"Size on label: 95 / M<br>Recommended size: M<br>Pit to pit: 22"" // Shoulder to bottom: 25"" <br>Colour: Dark Blue / Black <br>Condition: Good vintage condition. One repair mark on the back. ",FixedPrice,30,83.93,,1,1,jackkaybuiss@hotmail.com,1,,"Preston, Lancashire",Flat,UK_RoyalMail48,0,,,2,,,,ReturnsNotAccepted,,,,,,,
Add,,185702,, 90's Adidas Coat / Xtra Large /  D7 F186  /  Black / Green / White  / 48TT,,,,3000,Adidas, Black / Green / White ,Regular, D7 F186 ,Men,,,,,,,,,,,Yes,,,,,,,,,,,,,,,,,,,,http://cdn.shopify.com/s/files/1/0380/3099/9685/products/DSC_3384.jpg?v=1603991522|http://cdn.shopify.com/s/files/1/0380/3099/9685/products/DSC_3385.jpg?v=1603991522,,"Size on label: D7 F186 <br>Recommended size: XL<br>Pit to pit: 26"" // Shoulder to bottom: 35"" <br>Colour: Black / Green / White <br>Condition: Very good vintage condition. ",FixedPrice,30,48.425,,1,1,jackkaybuiss@hotmail.com,1,,"Preston, Lancashire",Flat,UK_RoyalMail48,0,,,2,,,,ReturnsNotAccepted,,,,,,,
Add,,185702,, Nike Coat  / Large /  M /  White  / 49TT,,,,3000,Nike, White ,Regular, M,Men,,,,,,,,,,,Yes,,,,,,,,,,,,,,,,,,,,http://cdn.shopify.com/s/files/1/0380/3099/9685/products/DSC_3378_09fbdc90-3e3d-401a-83e3-9396b99fec71.jpg?v=1603991092|http://cdn.shopify.com/s/files/1/0380/3099/9685/products/DSC_3379.jpg?v=1603991092|http://cdn.shopify.com/s/files/1/0380/3099/9685/products/DSC_3377.jpg?v=1603991092,,"Size on label: M<br>Recommended size: L<br>Pit to pit: 26"" // Shoulder to bottom: 31"" <br>Colour: White <br>Condition: Very good vintage condition. Some minor marks. ",FixedPrice,30,65.7775,,1,1,jackkaybuiss@hotmail.com,1,,"Preston, Lancashire",Flat,UK_RoyalMail48,0,,,2,,,,ReturnsNotAccepted,,,,,,,
Add,,185702,, Ralph Lauren Harrington Jacket / Xtra Large /  XL /  Black  / 50TT,,,,3000,Ralph Lauren, Black ,Regular, XL,Men,,,,,,,,,,,Yes,,,,,,,,,,,,,,,,,,,,http://cdn.shopify.com/s/files/1/0380/3099/9685/products/DSC_3370_54494694-cf73-415f-8650-09589596fdc3.jpg?v=1603990615|http://cdn.shopify.com/s/files/1/0380/3099/9685/products/DSC_3371.jpg?v=1603990615|http://cdn.shopify.com/s/files/1/0380/3099/9685/products/DSC_3372.jpg?v=1603990615,,"Size on label: XL<br>Recommended size: XL<br>Pit to pit: 27"" // Shoulder to bottom: 27"" <br>Colour: Black <br>Condition: Very good vintage condition. ",FixedPrice,30,75.9275,,1,1,jackkaybuiss@hotmail.com,1,,"Preston, Lancashire",Flat,UK_RoyalMail48,0,,,2,,,,ReturnsNotAccepted,,,,,,,
Add,,185702,, Levis Denim Workman's Jacket / Xtra Large /  XL /  Light Denim Blue  / 52TT,,,,3000,Levis, Light Denim Blue ,Regular, XL,Men,,,,,,,,,,,Yes,,,,,,,,,,,,,,,,,,,,http://cdn.shopify.com/s/files/1/0380/3099/9685/products/DSC_3164.jpg?v=1603115059|http://cdn.shopify.com/s/files/1/0380/3099/9685/products/DSC_3165.jpg?v=1603115060|http://cdn.shopify.com/s/files/1/0380/3099/9685/products/DSC_3167.jpg?v=1603115059|http://cdn.shopify.com/s/files/1/0380/3099/9685/products/DSC_3166.jpg?v=1603115060|http://cdn.shopify.com/s/files/1/0380/3099/9685/products/DSC_3168.jpg?v=1603115059,,"Size on label: XL<br>Recommended size: XL<br>Pit to pit: 26"" // Shoulder to bottom: 31"" <br>Colour: Light Denim Blue <br>Condition: Very good vintage condition. Two small marks please see all photos. ",FixedPrice,30,68.6775,,1,1,jackkaybuiss@hotmail.com,1,,"Preston, Lancashire",Flat,UK_RoyalMail48,0,,,2,,,,ReturnsNotAccepted,,,,,,,
Add,,185702,, Napapijri Harrington Jacket / Large /  N/A /  Red / 53TT,,,,3000,Napapijiri, Red,Regular, N/A,Men,,,,,,,,,,,Yes,,,,,,,,,,,,,,,,,,,,http://cdn.shopify.com/s/files/1/0380/3099/9685/products/DSC_3169.jpg?v=1603114768|http://cdn.shopify.com/s/files/1/0380/3099/9685/products/DSC_3170.jpg?v=1603114768|http://cdn.shopify.com/s/files/1/0380/3099/9685/products/DSC_3171.jpg?v=1603114767,,"Size on label: N/A<br>Recommended size: L<br>Pit to pit: 23"" // Shoulder to bottom: 27.5"" <br>Colour: Red<br>Condition: Very good vintage condition. ",FixedPrice,30,75.9275,,1,1,jackkaybuiss@hotmail.com,1,,"Preston, Lancashire",Flat,UK_RoyalMail48,0,,,2,,,,ReturnsNotAccepted,,,,,,,
Add,,185702,, Ralph Lauren Harrington Jacket / Small /  L (16-18) /  Beige   / 55TT,,,,3000,Ralph Lauren, Beige  ,Regular, L (16-18),Men,,,,,,,,,,,Yes,,,,,,,,,,,,,,,,,,,,http://cdn.shopify.com/s/files/1/0380/3099/9685/products/DSC_2925_b41b3148-7dfe-4006-9d22-7da3cc04da20.jpg?v=1602168644|http://cdn.shopify.com/s/files/1/0380/3099/9685/products/DSC_2926_2eb94b94-533c-4cbc-8350-2c84da962a7f.jpg?v=1602168645|http://cdn.shopify.com/s/files/1/0380/3099/9685/products/DSC_2927_23868cc6-c3ae-4d70-9058-08cca78fe5c9.jpg?v=1602168644,,"Size on label: L (16-18)<br>Recommended size: S<br>Pit to pit: 20"" // Shoulder to bottom: 24"" <br>Colour: Beige  <br>Condition: Very good vintage condition! ",FixedPrice,30,54.1775,,1,1,jackkaybuiss@hotmail.com,1,,"Preston, Lancashire",Flat,UK_RoyalMail48,0,,,2,,,,ReturnsNotAccepted,,,,,,,
Add,,185702,, Ralph Lauren Jacket / Xtra Large /  XL /  Red / 56TT,,,,3000,Ralph Lauren, Red,Regular, XL,Men,,,,,,,,,,,Yes,,,,,,,,,,,,,,,,,,,,http://cdn.shopify.com/s/files/1/0380/3099/9685/products/DSC_2922_13581c44-dfdb-4875-9d0e-76154b6476b2.jpg?v=1602168433|http://cdn.shopify.com/s/files/1/0380/3099/9685/products/DSC_2923_49d93b5f-a70e-4477-8c8a-dc5669548745.jpg?v=1602168433|http://cdn.shopify.com/s/files/1/0380/3099/9685/products/DSC_2924_5066a279-349f-4bcd-af53-5020986e0c32.jpg?v=1602168432,,"Size on label: XL<br>Recommended size: XL<br>Pit to pit: 27"" // Shoulder to bottom: 28"" <br>Colour: Red<br>Condition: Very good vintage condition! ",FixedPrice,30,58.5275,,1,1,jackkaybuiss@hotmail.com,1,,"Preston, Lancashire",Flat,UK_RoyalMail48,0,,,2,,,,ReturnsNotAccepted,,,,,,,
Add,,185702,, 90's Neon Nike Shell Jacket / Large /  M /  Neon Green  / 57TT,,,,3000,Nike, Neon Green ,Regular, M,Men,,,,,,,,,,,Yes,,,,,,,,,,,,,,,,,,,,http://cdn.shopify.com/s/files/1/0380/3099/9685/products/DSC_2906_5d9457b5-1c2f-4fd7-b0c1-f54c9d25e181.jpg?v=1602167534|http://cdn.shopify.com/s/files/1/0380/3099/9685/products/DSC_2907.jpg?v=1602167535|http://cdn.shopify.com/s/files/1/0380/3099/9685/products/DSC_2908_ff6eff18-6b67-41e9-bb37-00ef9c93f863.jpg?v=1602167534,,"Size on label: M<br>Recommended size: M/L<br>Pit to pit: 26"" // Shoulder to bottom: 29"" <br>Colour: Neon Green <br>Condition: Very good vintage condition! ",FixedPrice,30,40.925,,1,1,jackkaybuiss@hotmail.com,1,,"Preston, Lancashire",Flat,UK_RoyalMail48,0,,,2,,,,ReturnsNotAccepted,,,,,,,
Add,,185702,, Carhartt Active Jacket / Xtra Large /  DXL /  Khaki Green   / 58TT,,,,3000,Carhartt, Khaki Green  ,Regular, DXL,Men,,,,,,,,,,,Yes,,,,,,,,,,,,,,,,,,,,http://cdn.shopify.com/s/files/1/0380/3099/9685/products/DSC_2856_f0f76967-8927-4b4d-ab48-4338275c83a2.jpg?v=1602166324|http://cdn.shopify.com/s/files/1/0380/3099/9685/products/DSC_2857_f6c6e065-1d4b-49b8-8bd1-85280666f9b2.jpg?v=1602166324|http://cdn.shopify.com/s/files/1/0380/3099/9685/products/DSC_2858_3426a424-ba44-4930-9af5-fcb49b426b67.jpg?v=1602166324,,"Size on label: DXL<br>Recommended size: XL<br>Pit to pit: 28"" // Shoulder to bottom: 29"" <br>Colour: Khaki Green  <br>Condition: Very good vintage condition! ",FixedPrice,30,75.9275,,1,1,jackkaybuiss@hotmail.com,1,,"Preston, Lancashire",Flat,UK_RoyalMail48,0,,,2,,,,ReturnsNotAccepted,,,,,,,
Add,,185702,, 00's Nike Camo Padded Coat / Xtra Large /  XL /  Black Camo / 59TT,,,,3000,Nike, Black Camo,Regular, XL,Men,,,,,,,,,,,Yes,,,,,,,,,,,,,,,,,,,,http://cdn.shopify.com/s/files/1/0380/3099/9685/products/DSC_2903_a0598809-cfa7-4dc3-985d-19cd6d7e1a03.jpg?v=1601573279|http://cdn.shopify.com/s/files/1/0380/3099/9685/products/DSC_2905_e92e5c0f-014b-4cbe-8e05-d5324285600c.jpg?v=1601573275|http://cdn.shopify.com/s/files/1/0380/3099/9685/products/DSC_2904_82bb9911-747a-4c3e-9ade-7ed621195a07.jpg?v=1601573275|http://cdn.shopify.com/s/files/1/0380/3099/9685/products/DSC_2906_c484573e-0791-46c3-a865-36479de11722.jpg?v=1601573275,,"Size on label: XL<br>Recommended size: XL<br>Pit to pit: 27"" // Shoulder to bottom: 27"" <br>Colour: Black Camo<br>Condition: Very good vintage condition! One small repair on back please see final photo. ",FixedPrice,30,61.4275,,1,1,jackkaybuiss@hotmail.com,1,,"Preston, Lancashire",Flat,UK_RoyalMail48,0,,,2,,,,ReturnsNotAccepted,,,,,,,
Add,,185702,, 90's Air Jordan Track Jacket / Large /  L /  White / Grey / Black  / 60TT,,,,3000,Nike, White / Grey / Black ,Regular, L,Men,,,,,,,,,,,Yes,,,,,,,,,,,,,,,,,,,,http://cdn.shopify.com/s/files/1/0380/3099/9685/products/DSC_2884_313e1e43-cdce-4b0e-8e6e-e0642b1b3218.jpg?v=1601569732|http://cdn.shopify.com/s/files/1/0380/3099/9685/products/DSC_2881_8cc8be56-59df-4dcb-a133-129be8a4f58b.jpg?v=1601569732|http://cdn.shopify.com/s/files/1/0380/3099/9685/products/DSC_2882_e15756a7-4f0b-4b84-8aad-88b46cc8b51c.jpg?v=1601569733|http://cdn.shopify.com/s/files/1/0380/3099/9685/products/DSC_2883_daa7fa5a-0b50-405d-9db7-0b3e591c5634.jpg?v=1601569733,,"Size on label: L<br>Recommended size: L <br>Pit to pit: 23"" // Shoulder to bottom: 27"" <br>Colour: White / Grey / Black <br>Condition: Very good vintage condition! ",FixedPrice,30,48.425,,1,1,jackkaybuiss@hotmail.com,1,,"Preston, Lancashire",Flat,UK_RoyalMail48,0,,,2,,,,ReturnsNotAccepted,,,,,,,
Add,,185702,, New England Patriots Jacket / Xtra Large /  XL  /  Blue / Black / Red   / 61TT,,,,3000,Apex, Blue / Black / Red  ,Regular, XL ,Men,,,,,,,,,,,Yes,,,,,,,,,,,,,,,,,,,,http://cdn.shopify.com/s/files/1/0380/3099/9685/products/DSC_2864_debc5abd-5ac2-435e-ac92-32a267eebf0f.jpg?v=1601567456|http://cdn.shopify.com/s/files/1/0380/3099/9685/products/DSC_2865_46d65db6-4078-4db0-804b-2d8f30126d05.jpg?v=1601567456,,"Size on label: XL <br>Recommended size: L <br>Pit to pit: 29"" // Shoulder to bottom: 30"" <br>Colour: Blue / Black / Red  <br>Condition: Very good vintage condition! ",FixedPrice,30,83.93,,1,1,jackkaybuiss@hotmail.com,1,,"Preston, Lancashire",Flat,UK_RoyalMail48,0,,,2,,,,ReturnsNotAccepted,,,,,,,
Add,,185702,, Adidas x France 98 Jacket / Xtra Large /  L /  Black  / 64TT,,,,3000,Adidas, Black ,Regular, L,Men,,,,,,,,,,,Yes,,,,,,,,,,,,,,,,,,,,http://cdn.shopify.com/s/files/1/0380/3099/9685/products/DSC_2927_e893fd93-81fe-4082-ac5c-7a0af72c8075.jpg?v=1601394594|http://cdn.shopify.com/s/files/1/0380/3099/9685/products/DSC_2929_533a8eb2-0276-48df-a0d6-5124a0fda395.jpg?v=1601394594|http://cdn.shopify.com/s/files/1/0380/3099/9685/products/DSC_2930_5a09c94d-9caa-4248-8ee7-6e4f575718fc.jpg?v=1601394594|http://cdn.shopify.com/s/files/1/0380/3099/9685/products/DSC_2928_6bfc5a43-bfed-4d39-a294-37c762c58b47.jpg?v=1601394595|http://cdn.shopify.com/s/files/1/0380/3099/9685/products/DSC_2933_9647fc2b-5305-4d86-af4a-6514de958784.jpg?v=1601394594,,"Size on label: L<br>Recommended size: XL<br>Pit to pit: 27"" // Shoulder to bottom: 32"" <br>Colour: Black <br>Condition: Excellent vintage condition! ",FixedPrice,30,61.4275,,1,1,jackkaybuiss@hotmail.com,1,,"Preston, Lancashire",Flat,UK_RoyalMail48,0,,,2,,,,ReturnsNotAccepted,,,,,,,
Add,,185702,, Polo Sport Ralph Lauren Puffer Jacket / Small /  S /  Burnt Orange  / 66TT,,,,3000,Ralph Lauren, Burnt Orange ,Regular, S,Men,,,,,,,,,,,Yes,,,,,,,,,,,,,,,,,,,,http://cdn.shopify.com/s/files/1/0380/3099/9685/products/DSC_2988.jpg?v=1601137865|http://cdn.shopify.com/s/files/1/0380/3099/9685/products/DSC_2989.jpg?v=1601137866|http://cdn.shopify.com/s/files/1/0380/3099/9685/products/DSC_2990.jpg?v=1601137866|http://cdn.shopify.com/s/files/1/0380/3099/9685/products/DSC_2991.jpg?v=1601137866|http://cdn.shopify.com/s/files/1/0380/3099/9685/products/DSC_2992.jpg?v=1601137865,,"Size on label: S<br>Recommended size: S<br>Pit to pit: 22"" // Shoulder to bottom: 23"" <br>Colour: Burnt Orange <br>Condition: Very good vintage condition! But front two pockets all have rips under the velcro. Not visible when pockets are closed. Please see pictures. ",FixedPrice,30,97.435,,1,1,jackkaybuiss@hotmail.com,1,,"Preston, Lancashire",Flat,UK_RoyalMail48,0,,,2,,,,ReturnsNotAccepted,,,,,,,
Add,,185702,, 90's Adidas Varsity Jacket / Xtra Large /  D6 F180  /  Green  / 67TT,,,,3000,Adidas, Green ,Regular, D6 F180 ,Men,,,,,,,,,,,Yes,,,,,,,,,,,,,,,,,,,,http://cdn.shopify.com/s/files/1/0380/3099/9685/products/DSC_3032.jpg?v=1601134190|http://cdn.shopify.com/s/files/1/0380/3099/9685/products/DSC_3034.jpg?v=1601134190|http://cdn.shopify.com/s/files/1/0380/3099/9685/products/DSC_3033.jpg?v=1601134190,,"Size on label: D6 F180 <br>Recommended size: XL <br>Pit to pit: 26"" // Shoulder to bottom: 28"" <br>Colour: Green <br>Condition: Very good vintage condition! ",FixedPrice,30,48.425,,1,1,jackkaybuiss@hotmail.com,1,,"Preston, Lancashire",Flat,UK_RoyalMail48,0,,,2,,,,ReturnsNotAccepted,,,,,,,
Add,,185702,, 90's Nike Down Jacket Long / Large /  M  /  Beige / 68TT,,,,3000,Nike, Beige,Regular, M ,Men,,,,,,,,,,,Yes,,,,,,,,,,,,,,,,,,,,http://cdn.shopify.com/s/files/1/0380/3099/9685/products/5B6D9033-E3CD-4259-9358-CBC22D2D4ECD.jpg?v=1600446551|http://cdn.shopify.com/s/files/1/0380/3099/9685/products/A48DD93E-B207-463A-9358-9997BEA1F7EE.jpg?v=1600446550|http://cdn.shopify.com/s/files/1/0380/3099/9685/products/59084396-6B59-4982-B37D-07EDF5D516C4.jpg?v=1600446551|http://cdn.shopify.com/s/files/1/0380/3099/9685/products/24AAF69C-5B11-4D28-903D-F49250B99DAA.jpg?v=1600446550,,"Size on label: M <br>Recommended size: L<br>Pit to pit: 24"" // Shoulder to bottom: 34""<br>Colour: Beige<br>Condition: Very good vintage condition! ",FixedPrice,30,76.93,,1,1,jackkaybuiss@hotmail.com,1,,"Preston, Lancashire",Flat,UK_RoyalMail48,0,,,2,,,,ReturnsNotAccepted,,,,,,,
Add,,185702,, 90's Adidas Coat / Xtra Large /  D8 F192 /  Beige / 69TT,,,,3000,Adidas, Beige,Regular, D8 F192,Men,,,,,,,,,,,Yes,,,,,,,,,,,,,,,,,,,,http://cdn.shopify.com/s/files/1/0380/3099/9685/products/1CA15A4A-B09D-4544-A0E0-0F63F57F43EA.jpg?v=1600445720|http://cdn.shopify.com/s/files/1/0380/3099/9685/products/8524A1EF-572B-434E-80BC-642ECE5720EB.jpg?v=1600445720,,"Size on label: D8 F192<br>Recommended size: XL<br>Pit to pit: 28"" // Shoulder to bottom: 31""<br>Colour: Beige<br>Condition: Very good vintage condition! ",FixedPrice,30,75.9275,,1,1,jackkaybuiss@hotmail.com,1,,"Preston, Lancashire",Flat,UK_RoyalMail48,0,,,2,,,,ReturnsNotAccepted,,,,,,,
Add,,185702,, Nautica Jacket (Reversible) / Xtra Large /  XL /  Peach // Purple   / 71TT,,,,3000,Nautica, Peach // Purple  ,Regular, XL,Men,,,,,,,,,,,Yes,,,,,,,,,,,,,,,,,,,,http://cdn.shopify.com/s/files/1/0380/3099/9685/products/DSC_2667_c0c47b5c-dd0d-4c03-bf77-5c7753843946.jpg?v=1594136195|http://cdn.shopify.com/s/files/1/0380/3099/9685/products/DSC_2671_e2de871c-3b95-49f1-9d0f-9f2154bc4fbe.jpg?v=1594136195|http://cdn.shopify.com/s/files/1/0380/3099/9685/products/DSC_2669_808fa262-f035-4d54-8809-f705b25263d8.jpg?v=1594136195|http://cdn.shopify.com/s/files/1/0380/3099/9685/products/DSC_2670_b23e3319-f559-4876-9c58-5e7cfa1b8cd5.jpg?v=1594136195|http://cdn.shopify.com/s/files/1/0380/3099/9685/products/DSC_2668_226eeae0-ae77-4db1-8abb-39f35a9e5149.jpg?v=1594136195,,"Size on label: XL<br>Recommended size: XL<br>Pit to pit: 29"" // Shoulder to bottom: 27"" <br>Colour: Peach // Purple  <br>Condition: Good vintage condition! ",FixedPrice,30,45.425,,1,1,jackkaybuiss@hotmail.com,1,,"Preston, Lancashire",Flat,UK_RoyalMail48,0,,,2,,,,ReturnsNotAccepted,,,,,,,
Add,,185702,, Ralph Lauren Polo Sport Trench Coat / Large /  M /  Navy / 72TT,,,,3000,Ralph Lauren, Navy,Regular, M,Men,,,,,,,,,,,Yes,,,,,,,,,,,,,,,,,,,,http://cdn.shopify.com/s/files/1/0380/3099/9685/products/DSC_2751.jpg?v=1592495988|http://cdn.shopify.com/s/files/1/0380/3099/9685/products/DSC_2753.jpg?v=1592495989|http://cdn.shopify.com/s/files/1/0380/3099/9685/products/DSC_2754.jpg?v=1592495989,,"Size on label: M<br>Recommended size: L<br>Pit to pit: 23"" // Shoulder to bottom: 32.5"" <br>Colour: Navy<br>Condition: Good vintage condition. Missing one button. ",FixedPrice,30,40.925,,1,1,jackkaybuiss@hotmail.com,1,,"Preston, Lancashire",Flat,UK_RoyalMail48,0,,,2,,,,ReturnsNotAccepted,,,,,,,
Add,,185702,, Tommy Hilfiger Coat / XXL /  XXL /  Navy  / 74TT,,,,3000,Tommy Hilfiger, Navy ,Regular, XXL,Men,,,,,,,,,,,Yes,,,,,,,,,,,,,,,,,,,,http://cdn.shopify.com/s/files/1/0380/3099/9685/products/DSC_2790.jpg?v=1592491840|http://cdn.shopify.com/s/files/1/0380/3099/9685/products/DSC_2791.jpg?v=1592491840|http://cdn.shopify.com/s/files/1/0380/3099/9685/products/DSC_2792.jpg?v=1592491840|http://cdn.shopify.com/s/files/1/0380/3099/9685/products/DSC_2793.jpg?v=1592491840,,"Size on label: XXL<br>Recommended size: XXL<br>Pit to pit: 24.5"" // Shoulder to bottom: 32"" <br>Colour: Navy <br>Condition: Very good vintage condition! ",FixedPrice,30,48.425,,1,1,jackkaybuiss@hotmail.com,1,,"Preston, Lancashire",Flat,UK_RoyalMail48,0,,,2,,,,ReturnsNotAccepted,,,,,,,
Add,,185702,, Utility Jacket / Large /  38 Chest XL  /  Navy  / 76TT,,,,3000,Unbranded, Navy ,Regular,XL ,Men,,,,,,,,,,,Yes,,,,,,,,,,,,,,,,,,,,http://cdn.shopify.com/s/files/1/0380/3099/9685/products/DSC_2665.jpg?v=1591795705|http://cdn.shopify.com/s/files/1/0380/3099/9685/products/DSC_2666.jpg?v=1591795705|http://cdn.shopify.com/s/files/1/0380/3099/9685/products/DSC_2667.jpg?v=1591795705|http://cdn.shopify.com/s/files/1/0380/3099/9685/products/DSC_2668.jpg?v=1591795705|http://cdn.shopify.com/s/files/1/0380/3099/9685/products/DSC_2669.jpg?v=1591795705,,"Size on label: 38 Chest XL <br>Recommended size: M/L<br>Pit to pit: 21"" // Shoulder to bottom: 30"" <br>Colour: Navy <br>Condition: Very good vintage condition. Some paint marks but these only add to the effect of the jacket. Please see pictures. ",FixedPrice,30,35.42,,1,1,jackkaybuiss@hotmail.com,1,,"Preston, Lancashire",Flat,UK_RoyalMail48,0,,,2,,,,ReturnsNotAccepted,,,,,,,
Add,,185702,, Woolrich Jacket / Medium /  M /  Red  / 77TT,,,,3000,Woolrich, Red ,Regular, M,Men,,,,,,,,,,,Yes,,,,,,,,,,,,,,,,,,,,http://cdn.shopify.com/s/files/1/0380/3099/9685/products/DSC_2670.jpg?v=1591795342|http://cdn.shopify.com/s/files/1/0380/3099/9685/products/DSC_2672_638350e7-54bf-4ca0-9d18-5949e908892e.jpg?v=1591795343|http://cdn.shopify.com/s/files/1/0380/3099/9685/products/DSC_2671.jpg?v=1591795343|http://cdn.shopify.com/s/files/1/0380/3099/9685/products/DSC_2673_11d59d3c-bf76-4c19-8e76-a6b3ca126485.jpg?v=1591795343,,"Size on label: M<br>Recommended size: M<br>Pit to pit: 22.5"" // Shoulder to bottom: 29"" <br>Colour: Red <br>Condition: Very good vintage condition!",FixedPrice,30,48.425,,1,1,jackkaybuiss@hotmail.com,1,,"Preston, Lancashire",Flat,UK_RoyalMail48,0,,,2,,,,ReturnsNotAccepted,,,,,,,
Add,,185702,, Fila Coat / Xtra Large /  XL  /  Blue & Black  / 78TT,,,,3000,Fila, Blue & Black ,Regular, XL ,Men,,,,,,,,,,,Yes,,,,,,,,,,,,,,,,,,,,http://cdn.shopify.com/s/files/1/0380/3099/9685/products/DSC_2674_047baf81-6536-4a7e-8e99-a5610d87f533.jpg?v=1591794978|http://cdn.shopify.com/s/files/1/0380/3099/9685/products/DSC_2676_668f456d-c783-4355-bf29-e5cab3a6a440.jpg?v=1591794978|http://cdn.shopify.com/s/files/1/0380/3099/9685/products/DSC_2675_ff1fcbac-432f-4a23-b022-3cf30918d204.jpg?v=1591794977|http://cdn.shopify.com/s/files/1/0380/3099/9685/products/DSC_2677_aca344e2-7871-4441-9407-ddf693100f00.jpg?v=1591794978,,"Size on label: XL <br>Recommended size: XL<br>Pit to pit: 27.5"" // Shoulder to bottom: 29"" <br>Colour: Blue & Black <br>Condition: Excellent vintage condition!",FixedPrice,30,35.42,,1,1,jackkaybuiss@hotmail.com,1,,"Preston, Lancashire",Flat,UK_RoyalMail48,0,,,2,,,,ReturnsNotAccepted,,,,,,,
Add,,185702,, Guess Down Jacket / Xtra Large /  XL  /  Black / 79TT,,,,3000,Guess, Black,Regular, XL ,Men,,,,,,,,,,,Yes,,,,,,,,,,,,,,,,,,,,http://cdn.shopify.com/s/files/1/0380/3099/9685/products/DSC_2698_25aed935-d6cd-485f-acfb-b9862006a13d.jpg?v=1591713543|http://cdn.shopify.com/s/files/1/0380/3099/9685/products/DSC_2700.jpg?v=1591713543|http://cdn.shopify.com/s/files/1/0380/3099/9685/products/DSC_2699.jpg?v=1591713542|http://cdn.shopify.com/s/files/1/0380/3099/9685/products/DSC_2701.jpg?v=1591713543,,"Size on label: XL <br>Recommended size: XL<br>Pit to pit: 28"" // Shoulder to bottom: 30.5"" <br>Colour: Black<br>Condition: Very good vintage condition! ",FixedPrice,30,35.42,,1,1,jackkaybuiss@hotmail.com,1,,"Preston, Lancashire",Flat,UK_RoyalMail48,0,,,2,,,,ReturnsNotAccepted,,,,,,,
Add,,185702,, Calvin Klein Lightweight Jacket / Medium /  M  /  White  / 80TT,,,,3000,Calvin Klein, White ,Regular, M ,Men,,,,,,,,,,,Yes,,,,,,,,,,,,,,,,,,,,http://cdn.shopify.com/s/files/1/0380/3099/9685/products/DSC_2689_80479e10-3b5d-441f-b36a-3b1787dbf1e6.jpg?v=1591713234|http://cdn.shopify.com/s/files/1/0380/3099/9685/products/DSC_2690_5fc4df0b-fecf-44a1-b4a7-b3ae430c2e09.jpg?v=1591713234|http://cdn.shopify.com/s/files/1/0380/3099/9685/products/DSC_2692_98398852-c817-435d-807f-93620a4e3e13.jpg?v=1591713234|http://cdn.shopify.com/s/files/1/0380/3099/9685/products/DSC_2694.jpg?v=1591713235|http://cdn.shopify.com/s/files/1/0380/3099/9685/products/DSC_2695.jpg?v=1591713235,,"Size on label: M <br>Recommended size: M<br>Pit to pit: 21.5"" // Shoulder to bottom: 28"" <br>Colour: White <br>Condition: Good vintage condition some scuff marks. Please see photos. ",FixedPrice,30,37.925,,1,1,jackkaybuiss@hotmail.com,1,,"Preston, Lancashire",Flat,UK_RoyalMail48,0,,,2,,,,ReturnsNotAccepted,,,,,,,
Add,,185702,, Carhartt Bomber Jacket / Xtra Large /  XL  /  Washed Out Grey  / 82TT,,,,3000,Carharrt, Washed Out Grey ,Regular, XL ,Men,,,,,,,,,,,Yes,,,,,,,,,,,,,,,,,,,,http://cdn.shopify.com/s/files/1/0380/3099/9685/products/DSC_2101.jpg?v=1588971650|http://cdn.shopify.com/s/files/1/0380/3099/9685/products/DSC_2102.jpg?v=1588971650,,"Size on label: XL <br>Recommended size: XL<br>Pit to pit: 25"" // Shoulder to bottom: 28"" <br>Colour: Washed Out Grey <br>Please note all of my items are vintage meaning they may show a few signs of wear or fading. Anything that is significantly noticeable will be noted & accompanied with pictures. ",FixedPrice,30,20.415,,1,1,jackkaybuiss@hotmail.com,1,,"Preston, Lancashire",Flat,UK_RoyalMail48,0,,,2,,,,ReturnsNotAccepted,,,,,,,
Add,,185702,,Adidas Track Jacket / Xtra Large /  XL  /  Tourquoise  / 83TT,,,,3000,Adidas, Tourquoise ,Regular, XL ,Men,,,,,,,,,,,Yes,,,,,,,,,,,,,,,,,,,,http://cdn.shopify.com/s/files/1/0380/3099/9685/products/DSC_2065.jpg?v=1588968217|http://cdn.shopify.com/s/files/1/0380/3099/9685/products/custom_resized_1214ce81-daad-4b59-bfb6-0358c70b5539.jpg?v=1588968355,,"Size on label: XL <br>Recommended size: XL<br>Pit to pit: 28"" // Shoulder to bottom: 32"" <br>Colour: Tourquoise <br>Please note all items are vintage meaning they may show a few signs of wear or fading. Anything that is significantly noticeable will be noted & accompanied with pictures. ",FixedPrice,30,27.42,,1,1,jackkaybuiss@hotmail.com,1,,"Preston, Lancashire",Flat,UK_RoyalMail48,0,,,2,,,,ReturnsNotAccepted,,,,,,,
Add,,155183,, Ralph Lauren Hoodie / Large /  L /  Yellow  / 84TT,,,,3000,Ralph Lauren, Yellow ,Regular, L,Men,,,,,,,,,,,Yes,,,,,,,,,,,,,,,,,,,,http://cdn.shopify.com/s/files/1/0380/3099/9685/products/FAD4C3F3-3845-410E-83CA-791D31C19748.jpg?v=1610365338|http://cdn.shopify.com/s/files/1/0380/3099/9685/products/36D622FA-F76D-4A5C-A23A-3EB40D865CE3.jpg?v=1610365339|http://cdn.shopify.com/s/files/1/0380/3099/9685/products/328AD93A-1AAB-4D33-A96F-AFACCE68EF3D.jpg?v=1610365338|http://cdn.shopify.com/s/files/1/0380/3099/9685/products/1931AB66-B416-43BE-A994-2E2B9D4E4599.jpg?v=1610365339,,"Size on label: L<br>Recommended size: L<br>Pit to pit: 23"" // Shoulder to bottom: 27"" <br>Colour: Yellow <br>Condition: Very good vintage condition. One small mark on sleeve. ",FixedPrice,30,83.93,,1,1,jackkaybuiss@hotmail.com,1,,"Preston, Lancashire",Flat,UK_RoyalMail48,0,,,2,,,,ReturnsNotAccepted,,,,,,,
Add,,155183,, 00's Nike Hoodie / Large /  XL /  Black / Blue  / 85TT,,,,3000,Nike, Black / Blue ,Regular, XL,Men,,,,,,,,,,,Yes,,,,,,,,,,,,,,,,,,,,http://cdn.shopify.com/s/files/1/0380/3099/9685/products/1255CC21-7A46-4A95-9A2A-54DB5DE3FEE1.jpg?v=1610365285|http://cdn.shopify.com/s/files/1/0380/3099/9685/products/53F6BA8A-4A61-4A62-86D7-0243BAC37A91.jpg?v=1610365285|http://cdn.shopify.com/s/files/1/0380/3099/9685/products/A8E65F7F-D549-4DEC-93D8-F4823E2621EE.jpg?v=1610365285,,"Size on label: XL<br>Recommended size: L<br>Pit to pit: 22"" // Shoulder to bottom: 27"" <br>Colour: Black / Blue <br>Condition: Very good vintage condition. ",FixedPrice,30,76.93,,1,1,jackkaybuiss@hotmail.com,1,,"Preston, Lancashire",Flat,UK_RoyalMail48,0,,,2,,,,ReturnsNotAccepted,,,,,,,
Add,,155183,, 00's Nike Sweatshirt / Medium /  M /  Grey  / 86TT,,,,3000,Nike, Grey ,Regular, M,Men,,,,,,,,,,,Yes,,,,,,,,,,,,,,,,,,,,http://cdn.shopify.com/s/files/1/0380/3099/9685/products/38430ECC-5005-4561-B017-B119A3B06F0F.jpg?v=1610365203|http://cdn.shopify.com/s/files/1/0380/3099/9685/products/D94CC758-193A-4DE1-A330-8C57881244A5.jpg?v=1610365204|http://cdn.shopify.com/s/files/1/0380/3099/9685/products/9C037082-1966-4245-B63F-92E504C66F62.jpg?v=1610365203,,"Size on label: M<br>Recommended size: M<br>Pit to pit: 22"" // Shoulder to bottom: 26"" <br>Colour: Grey <br>Condition: Very good vintage condition. ",FixedPrice,30,83.93,,1,1,jackkaybuiss@hotmail.com,1,,"Preston, Lancashire",Flat,UK_RoyalMail48,0,,,2,,,,ReturnsNotAccepted,,,,,,,
Add,,155183,, The North Face Sweatshirt / Medium /  95/M /  Yellow  / 87TT,,,,3000,The North Face, Yellow ,Regular, 95/M,Men,,,,,,,,,,,Yes,,,,,,,,,,,,,,,,,,,,http://cdn.shopify.com/s/files/1/0380/3099/9685/products/27F53F83-9D7E-4064-9EA7-0518E29C1BB9.jpg?v=1610365147|http://cdn.shopify.com/s/files/1/0380/3099/9685/products/C27F11DB-F868-461A-AE8D-638ED28FE7FA.jpg?v=1610365146|http://cdn.shopify.com/s/files/1/0380/3099/9685/products/84DEF3B3-6368-4B70-A5A2-ED20E36ED8DF.jpg?v=1610365147,,"Size on label: 95/M<br>Recommended size: M <br>Pit to pit: 21"" // Shoulder to bottom: 26"" <br>Colour: Yellow <br>Condition: Very good vintage condition. ",FixedPrice,30,68.6775,,1,1,jackkaybuiss@hotmail.com,1,,"Preston, Lancashire",Flat,UK_RoyalMail48,0,,,2,,,,ReturnsNotAccepted,,,,,,,
Add,,155183,, 90'S NIKE HOODIE / LARGE /  100M /  Blue / Beige / Red  / 89TT,,,,3000,Nike, Blue / Beige / Red ,Regular, 100M,Men,,,,,,,,,,,Yes,,,,,,,,,,,,,,,,,,,,http://cdn.shopify.com/s/files/1/0380/3099/9685/products/DSC_3473.jpg?v=1608731622|http://cdn.shopify.com/s/files/1/0380/3099/9685/products/DSC_3474.jpg?v=1608731622|http://cdn.shopify.com/s/files/1/0380/3099/9685/products/DSC_3475.jpg?v=1608731622,,"Size on label: 100M<br>Recommended size: L <br>Pit to pit: 25"" // Shoulder to bottom: 28"" <br>Colour: Blue / Beige / Red <br>Condition: Very good vintage condition! ",FixedPrice,30,97.435,,1,1,jackkaybuiss@hotmail.com,1,,"Preston, Lancashire",Flat,UK_RoyalMail48,0,,,2,,,,ReturnsNotAccepted,,,,,,,
Add,,155183,, 90'S NIKE SWEATSHIRT / XL /  XL /  Red / 90TT,,,,3000,Nike, Red,Regular, XL,Men,,,,,,,,,,,Yes,,,,,,,,,,,,,,,,,,,,http://cdn.shopify.com/s/files/1/0380/3099/9685/products/E654F1C1-9B01-4B21-A01D-90ED7CCB7FF2.jpg?v=1608048602|http://cdn.shopify.com/s/files/1/0380/3099/9685/products/61AEC733-5743-4E37-95F8-BE59E2E51C41.jpg?v=1608048602,,"Size on label: XL<br>Recommended size: XL<br>Pit to pit: 26"" // Shoulder to bottom: 30"" <br>Colour: Red<br>Condition: Excellent vintage condition! ",FixedPrice,30,97.435,,1,1,jackkaybuiss@hotmail.com,1,,"Preston, Lancashire",Flat,UK_RoyalMail48,0,,,2,,,,ReturnsNotAccepted,,,,,,,
Add,,155183,, 90'S NIKE SWEATSHIRT / LARGE /  N/A /  Orange  / 91TT,,,,3000,Nike, Orange ,Regular, N/A,Men,,,,,,,,,,,Yes,,,,,,,,,,,,,,,,,,,,http://cdn.shopify.com/s/files/1/0380/3099/9685/products/47AEDB7A-E0A8-46F7-950B-D4D58E9A48B4.jpg?v=1608048526|http://cdn.shopify.com/s/files/1/0380/3099/9685/products/7B415D17-7074-4759-8138-DB971914891F.jpg?v=1608048527,,"Size on label: N/A<br>Recommended size: L<br>Pit to pit: 26"" // Shoulder to bottom: 27"" <br>Colour: Orange <br>Condition: Very good vintage condition! ",FixedPrice,30,94.835,,1,1,jackkaybuiss@hotmail.com,1,,"Preston, Lancashire",Flat,UK_RoyalMail48,0,,,2,,,,ReturnsNotAccepted,,,,,,,
Add,,155183,, 90'S NIKE SPELLOUT SWEATSHIRT / MEDIUM /  M /  Grey / 92TT,,,,3000,Nike, Grey,Regular, M,Men,,,,,,,,,,,Yes,,,,,,,,,,,,,,,,,,,,http://cdn.shopify.com/s/files/1/0380/3099/9685/products/14B28638-FD99-48E6-9E4C-10B9D224C811.jpg?v=1608048457|http://cdn.shopify.com/s/files/1/0380/3099/9685/products/1647D8B5-8F94-4606-9A3A-1B4DBFDD37BB.jpg?v=1608048457|http://cdn.shopify.com/s/files/1/0380/3099/9685/products/61932801-5121-4AE4-8C41-168B37AF365D.jpg?v=1608048457,,"Size on label: M<br>Recommended size: M<br>Pit to pit: 24"" // Shoulder to bottom: 26"" <br>Colour: Grey<br>Condition: Good vintage condition! Some marks please see photos. ",FixedPrice,30,83.93,,1,1,jackkaybuiss@hotmail.com,1,,"Preston, Lancashire",Flat,UK_RoyalMail48,0,,,2,,,,ReturnsNotAccepted,,,,,,,
Add,,155183,, 90's NIKE SPELLOUT SWEATSHIRT / XL /  XL /  Black  / 93TT,,,,3000,Nike, Black ,Regular, XL,Men,,,,,,,,,,,Yes,,,,,,,,,,,,,,,,,,,,http://cdn.shopify.com/s/files/1/0380/3099/9685/products/5BD03296-B62C-47CD-9A4B-A855343D5874.jpg?v=1608048172|http://cdn.shopify.com/s/files/1/0380/3099/9685/products/16ADB4CD-4B2D-4950-852C-3479F7A2502F.jpg?v=1608048172,,"Size on label: XL<br>Recommended size: XL<br>Pit to pit: 25"" // Shoulder to bottom: 27"" <br>Colour: Black <br>Condition: Very good vintage condition! ",FixedPrice,30,107.835,,1,1,jackkaybuiss@hotmail.com,1,,"Preston, Lancashire",Flat,UK_RoyalMail48,0,,,2,,,,ReturnsNotAccepted,,,,,,,
Add,,155183,, 90’s CHAMPION 1/4 SWEATSHIRT / SMALL /  S  /  Grey  / 94TT,,,,3000,Champion, Grey ,Regular, S ,Men,,,,,,,,,,,Yes,,,,,,,,,,,,,,,,,,,,http://cdn.shopify.com/s/files/1/0380/3099/9685/products/F34EFD94-45B0-43C5-A94E-D410B36CB67E.jpg?v=1607684284|http://cdn.shopify.com/s/files/1/0380/3099/9685/products/800AE0A7-C433-4D58-B5C9-FE6E0A9406BE.jpg?v=1607684284,,"Size on label: S <br>Recommended size: S <br>Pit to pit: 21"" // Shoulder to bottom: 28"" <br>Colour: Grey <br>Condition: Very good vintage condition! ",FixedPrice,30,68.6775,,1,1,jackkaybuiss@hotmail.com,1,,"Preston, Lancashire",Flat,UK_RoyalMail48,0,,,2,,,,ReturnsNotAccepted,,,,,,,
Add,,155183,, 90’s CHAMPION 1/4 SWEATSHIRT / LARGE /  L /  Grey  / 95TT,,,,3000,Champion, Grey ,Regular, L,Men,,,,,,,,,,,Yes,,,,,,,,,,,,,,,,,,,,http://cdn.shopify.com/s/files/1/0380/3099/9685/products/2669AC15-86DB-48B9-BE6E-4A3D4FE2D243.jpg?v=1607684234|http://cdn.shopify.com/s/files/1/0380/3099/9685/products/5A580101-9229-4231-A549-F7CB19EE3512.jpg?v=1607684231|http://cdn.shopify.com/s/files/1/0380/3099/9685/products/FBC6E0B4-FC98-464E-8B34-D98E7AE9F89A.jpg?v=1607684234,,"Size on label: L<br>Recommended size: L<br>Pit to pit: 24"" // Shoulder to bottom: 30"" <br>Colour: Grey <br>Condition: Very good vintage condition! ",FixedPrice,30,68.6775,,1,1,jackkaybuiss@hotmail.com,1,,"Preston, Lancashire",Flat,UK_RoyalMail48,0,,,2,,,,ReturnsNotAccepted,,,,,,,
Add,,155183,, 90’s NIKE HOODIE / LARGE /  L /  Navy  / 96TT,,,,3000,Nike, Navy ,Regular, L,Men,,,,,,,,,,,Yes,,,,,,,,,,,,,,,,,,,,http://cdn.shopify.com/s/files/1/0380/3099/9685/products/F96BCDB3-EA4A-4E7C-BBDA-82DCE7778DFD.jpg?v=1607684154|http://cdn.shopify.com/s/files/1/0380/3099/9685/products/33404669-D5B4-455B-A3EE-7509F04E4E0E.jpg?v=1607684154|http://cdn.shopify.com/s/files/1/0380/3099/9685/products/F3F61F97-4497-48C4-AFA8-C42B1503F301.jpg?v=1607684154|http://cdn.shopify.com/s/files/1/0380/3099/9685/products/60ACD256-570D-4177-9164-CD6A52EF2974.jpg?v=1607684154,,"Size on label: L<br>Recommended size: L<br>Pit to pit: 27"" // Shoulder to bottom: 29"" <br>Colour: Navy <br>Condition: Excellent vintage condition! ",FixedPrice,30,103.935,,1,1,jackkaybuiss@hotmail.com,1,,"Preston, Lancashire",Flat,UK_RoyalMail48,0,,,2,,,,ReturnsNotAccepted,,,,,,,
Add,,155183,, 90's Nike Cortez Hoodie / Medium /  M /  Black / White  / 97TT,,,,3000,Nike, Black / White ,Regular, M,Men,,,,,,,,,,,Yes,,,,,,,,,,,,,,,,,,,,http://cdn.shopify.com/s/files/1/0380/3099/9685/products/B2F4690B-5AB0-409E-9B5A-B11F3B4B4C33.jpg?v=1607011102|http://cdn.shopify.com/s/files/1/0380/3099/9685/products/C9B0E817-4C73-44FD-9B75-B4ED6145B9D0.jpg?v=1607011102|http://cdn.shopify.com/s/files/1/0380/3099/9685/products/08B25264-85D0-43C8-A994-ED616053110B.jpg?v=1607011102,,"Size on label: M<br>Recommended size: M<br>Pit to pit: 24"" // Shoulder to bottom: 26"" <br>Colour: Black / White <br>Condition: Very good vintage condition. ",FixedPrice,30,61.4275,,1,1,jackkaybuiss@hotmail.com,1,,"Preston, Lancashire",Flat,UK_RoyalMail48,0,,,2,,,,ReturnsNotAccepted,,,,,,,
Add,,155183,,DEADSTOCK NIKE HOODIE / MEDIUM /  M /  Chocolate Brown  / 98TT,,,,3000,Nike, Chocolate Brown ,Regular, M,Men,,,,,,,,,,,Yes,,,,,,,,,,,,,,,,,,,,http://cdn.shopify.com/s/files/1/0380/3099/9685/products/DSC_3311_be4c0933-bba1-4525-9cfe-944bbc69ab23.jpg?v=1606336269|http://cdn.shopify.com/s/files/1/0380/3099/9685/products/DSC_3312_ec3ab451-f09c-42b5-a894-8f7bae0ec817.jpg?v=1606336269|http://cdn.shopify.com/s/files/1/0380/3099/9685/products/DSC_3313_b5b9b264-1d2f-400b-ba32-45aef9a23d67.jpg?v=1606336269,,"Size on label: M<br>Recommended size: M<br>Pit to pit: 23"" // Shoulder to bottom: 26.5"" <br>Colour: Chocolate Brown <br>Condition: New with tags.  ",FixedPrice,30,68.6775,,1,1,jackkaybuiss@hotmail.com,1,,"Preston, Lancashire",Flat,UK_RoyalMail48,0,,,2,,,,ReturnsNotAccepted,,,,,,,
Add,,155183,,DEADSTOCK NIKE HOODIE / MEDIUM /  M /  Yellow  / 99TT,,,,3000,Nike, Yellow ,Regular, M,Men,,,,,,,,,,,Yes,,,,,,,,,,,,,,,,,,,,http://cdn.shopify.com/s/files/1/0380/3099/9685/products/DSC_3296_280f6e6c-393d-4a18-8116-9b569eee4252.jpg?v=1606335603|http://cdn.shopify.com/s/files/1/0380/3099/9685/products/DSC_3297_0fe3f0af-ceba-4659-84b0-59608f5267b1.jpg?v=1606335604|http://cdn.shopify.com/s/files/1/0380/3099/9685/products/DSC_3299_9a5321cf-7a57-4f2f-9482-ccb1d398ef74.jpg?v=1606335605|http://cdn.shopify.com/s/files/1/0380/3099/9685/products/DSC_3300_89b6e915-37df-4132-8a25-42ca5d88766a.jpg?v=1606335604,,"Size on label: M<br>Recommended size: M<br>Pit to pit: 23"" // Shoulder to bottom: 27"" <br>Colour: Yellow <br>Condition: New with tags.  ",FixedPrice,30,68.6775,,1,1,jackkaybuiss@hotmail.com,1,,"Preston, Lancashire",Flat,UK_RoyalMail48,0,,,2,,,,ReturnsNotAccepted,,,,,,,
Add,,155183,,DEADSTOCK STUSSY HOODIE / SMALL /  S /  Neon Green  / 100TT,,,,3000,Stussy, Neon Green ,Regular, S,Men,,,,,,,,,,,Yes,,,,,,,,,,,,,,,,,,,,http://cdn.shopify.com/s/files/1/0380/3099/9685/products/DSC_3278_79ef5410-0bbf-4fac-b8a2-39d15b84c56f.jpg?v=1606333392|http://cdn.shopify.com/s/files/1/0380/3099/9685/products/DSC_3276_f8e1f8b8-438c-45ca-9a18-dbfafe6c535a.jpg?v=1606333392|http://cdn.shopify.com/s/files/1/0380/3099/9685/products/DSC_3277_12d40c48-8bb3-433f-b938-fae34ffca8ce.jpg?v=1606333392,,"Size on label: S<br>Recommended size: S<br>Pit to pit: 23"" // Shoulder to bottom: 28"" <br>Colour: Neon Green <br>Condition: Brand new never been worn!  ",FixedPrice,30,87.6825,,1,1,jackkaybuiss@hotmail.com,1,,"Preston, Lancashire",Flat,UK_RoyalMail48,0,,,2,,,,ReturnsNotAccepted,,,,,,,
Add,,155183,,DEADSTOCK STUSSY HOODIE / MEDIUM /  M /  Neon Pink  / 101TT,,,,3000,Stussy, Neon Pink ,Regular, M,Men,,,,,,,,,,,Yes,,,,,,,,,,,,,,,,,,,,http://cdn.shopify.com/s/files/1/0380/3099/9685/products/DSC_3273_5f06b622-39c3-43fc-b12d-86ad2308797f.jpg?v=1606333166|http://cdn.shopify.com/s/files/1/0380/3099/9685/products/DSC_3272_16757173-3d96-4396-bd5a-2cd8fafa982b.jpg?v=1606333167|http://cdn.shopify.com/s/files/1/0380/3099/9685/products/DSC_3275_ddd371b4-582e-408f-9f6f-10b2f6ff5b5e.jpg?v=1606333166,,"Size on label: M<br>Recommended size: M<br>Pit to pit: 22"" // Shoulder to bottom: 27"" <br>Colour: Neon Pink <br>Condition: New with tags. ",FixedPrice,30,94.4325,,1,1,jackkaybuiss@hotmail.com,1,,"Preston, Lancashire",Flat,UK_RoyalMail48,0,,,2,,,,ReturnsNotAccepted,,,,,,,
Add,,155183,,RARE PALACE BURB CREW SWEATSHIRT / MEDIUM /  M /  Green   / 102TT,,,,3000,Palace, Green  ,Regular, M,Men,,,,,,,,,,,Yes,,,,,,,,,,,,,,,,,,,,http://cdn.shopify.com/s/files/1/0380/3099/9685/products/DSC_3264.jpg?v=1606332621|http://cdn.shopify.com/s/files/1/0380/3099/9685/products/DSC_3265.jpg?v=1606332621,,"Size on label: M<br>Recommended size: M<br>Pit to pit: 22.5"" // Shoulder to bottom: 28"" <br>Colour: Green  <br>Condition: Excellent condition!  ",FixedPrice,30,149.435,,1,1,jackkaybuiss@hotmail.com,1,,"Preston, Lancashire",Flat,UK_RoyalMail48,0,,,2,,,,ReturnsNotAccepted,,,,,,,
Add,,155183,,RARE PALACE ESPIRITO CREW SWEATSHIRT / MEDIUM /  M /  Black  / 103TT,,,,3000,Palace, Black ,Regular, M,Men,,,,,,,,,,,Yes,,,,,,,,,,,,,,,,,,,,http://cdn.shopify.com/s/files/1/0380/3099/9685/products/DSC_3251.jpg?v=1606331480|http://cdn.shopify.com/s/files/1/0380/3099/9685/products/DSC_3252_cb9a6276-bc9e-439c-92df-a926a4697978.jpg?v=1606331481|http://cdn.shopify.com/s/files/1/0380/3099/9685/products/DSC_3253_38b8f706-ff10-4f2a-951a-4ecd9b9d9dc7.jpg?v=1606331480|http://cdn.shopify.com/s/files/1/0380/3099/9685/products/DSC_3254_de5f6b19-553b-4c50-93b3-e21ffbc1234e.jpg?v=1606331480|http://cdn.shopify.com/s/files/1/0380/3099/9685/products/DSC_3255_3ff603bc-ec9e-4d27-9b4d-e55fc72fb509.jpg?v=1606331480,,"Size on label: M<br>Recommended size: M<br>Pit to pit: 23"" // Shoulder to bottom: 29"" <br>Colour: Black <br>Condition: Excellent condition!  ",FixedPrice,30,194.935,,1,1,jackkaybuiss@hotmail.com,1,,"Preston, Lancashire",Flat,UK_RoyalMail48,0,,,2,,,,ReturnsNotAccepted,,,,,,,
Add,,155183,,Deadstock Ralph Lauren Polo Bear Sweatshirt / Large /  L /  Grey  / 104TT,,,,3000,Ralph Lauren, Grey ,Regular, L,Men,,,,,,,,,,,Yes,,,,,,,,,,,,,,,,,,,,http://cdn.shopify.com/s/files/1/0380/3099/9685/products/DSC_3248.jpg?v=1606331002|http://cdn.shopify.com/s/files/1/0380/3099/9685/products/DSC_3249.jpg?v=1606331002|http://cdn.shopify.com/s/files/1/0380/3099/9685/products/DSC_3250.jpg?v=1606331002,,"Size on label: L<br>Recommended size: L<br>Pit to pit: 21"" // Shoulder to bottom: 24"" <br>Colour: Grey <br>Condition: Brand new never worn. ",FixedPrice,30,103.935,,1,1,jackkaybuiss@hotmail.com,1,,"Preston, Lancashire",Flat,UK_RoyalMail48,0,,,2,,,,ReturnsNotAccepted,,,,,,,
Add,,155183,, Champion Hoodie / Xtra Large /  XL /  Grey  / 107TT,,,,3000,Champion, Grey ,Regular, XL,Men,,,,,,,,,,,Yes,,,,,,,,,,,,,,,,,,,,http://cdn.shopify.com/s/files/1/0380/3099/9685/products/DSC_3249_7850a6c9-6436-45f0-96c2-4d4153cd2208.jpg?v=1605632656|http://cdn.shopify.com/s/files/1/0380/3099/9685/products/DSC_3250_6de3da62-35d5-4f59-bd86-188e0d38b86f.jpg?v=1605632658|http://cdn.shopify.com/s/files/1/0380/3099/9685/products/DSC_3251_9982f6ac-793f-4633-a56d-38d89fb213ef.jpg?v=1605632656,,"Size on label: XL<br>Recommended size: XL<br>Pit to pit: 27"" // Shoulder to bottom: 30"" <br>Colour: Grey <br>Condition: Very good vintage condition! ",FixedPrice,30,48.425,,1,1,jackkaybuiss@hotmail.com,1,,"Preston, Lancashire",Flat,UK_RoyalMail48,0,,,2,,,,ReturnsNotAccepted,,,,,,,
Add,,155183,, 80's Puma Sweatshirt / Medium /  40 /  Mint / Purple  / 108TT,,,,3000,Puma, Mint / Purple ,Regular,40,Men,,,,,,,,,,,Yes,,,,,,,,,,,,,,,,,,,,http://cdn.shopify.com/s/files/1/0380/3099/9685/products/DSC_3245_964f456e-683c-42c3-8b50-64e87916c640.jpg?v=1605632545|http://cdn.shopify.com/s/files/1/0380/3099/9685/products/DSC_3247_3335a809-6428-4306-a179-f341fe0e89c6.jpg?v=1605632545|http://cdn.shopify.com/s/files/1/0380/3099/9685/products/DSC_3248_a4c78b58-1dcc-4373-a1e6-82b6700e42e5.jpg?v=1605632545|http://cdn.shopify.com/s/files/1/0380/3099/9685/products/DSC_3246_eca032a9-f8aa-4387-bc94-d23b2986a82e.jpg?v=1605632546,,"Size on label: 40<br>Recommended size: M<br>Pit to pit: 23"" // Shoulder to bottom: 26"" <br>Colour: Mint / Purple <br>Condition: Very good vintage condition! Some signs of wear. ",FixedPrice,30,54.1775,,1,1,jackkaybuiss@hotmail.com,1,,"Preston, Lancashire",Flat,UK_RoyalMail48,0,,,2,,,,ReturnsNotAccepted,,,,,,,
Add,,155183,, 00's Adidas Sweatshirt / Large /  L /  Red / 109TT,,,,3000,Adidas, Red,Regular, L,Men,,,,,,,,,,,Yes,,,,,,,,,,,,,,,,,,,,http://cdn.shopify.com/s/files/1/0380/3099/9685/products/DSC_3238_9d03e53a-24d1-4941-9b29-b84cb13fdc33.jpg?v=1605632113|http://cdn.shopify.com/s/files/1/0380/3099/9685/products/DSC_3239_529f8b41-9a13-4e52-9f80-95796da5210e.jpg?v=1605632113,,"Size on label: L<br>Recommended size: L<br>Pit to pit: 24"" // Shoulder to bottom: 29"" <br>Colour: Red<br>Condition: Very good vintage condition! ",FixedPrice,30,48.425,,1,1,jackkaybuiss@hotmail.com,1,,"Preston, Lancashire",Flat,UK_RoyalMail48,0,,,2,,,,ReturnsNotAccepted,,,,,,,
Add,,155183,, 90's Nike Hoodie / Xtra Large /  XXL /  Navy  / 110TT,,,,3000,Nike, Navy ,Regular, XXL,Men,,,,,,,,,,,Yes,,,,,,,,,,,,,,,,,,,,http://cdn.shopify.com/s/files/1/0380/3099/9685/products/DSC_3223.jpg?v=1605631481|http://cdn.shopify.com/s/files/1/0380/3099/9685/products/DSC_3224_27ee8d26-df09-40dd-bde7-7f789bf28e40.jpg?v=1605631480|http://cdn.shopify.com/s/files/1/0380/3099/9685/products/DSC_3225_792abe22-b85c-4a3d-958c-16d27d6638b5.jpg?v=1605631481,,"Size on label: XXL<br>Recommended size: XL<br>Pit to pit: 27"" // Shoulder to bottom: 30"" <br>Colour: Navy <br>Condition: Very good vintage condition! ",FixedPrice,30,48.425,,1,1,jackkaybuiss@hotmail.com,1,,"Preston, Lancashire",Flat,UK_RoyalMail48,0,,,2,,,,ReturnsNotAccepted,,,,,,,
Add,,155183,, 00's Nike Hoodie / Large /  XL /  Camo Green  / 111TT,,,,3000,Nike, Camo Green ,Regular, XL,Men,,,,,,,,,,,Yes,,,,,,,,,,,,,,,,,,,,http://cdn.shopify.com/s/files/1/0380/3099/9685/products/DSC_3294_2b509b8e-51be-40cc-9c56-2bcf8c2c07b8.jpg?v=1605544116|http://cdn.shopify.com/s/files/1/0380/3099/9685/products/DSC_3295_242dc498-e8ab-4b6b-81b0-f0d383d07b52.jpg?v=1605544116|http://cdn.shopify.com/s/files/1/0380/3099/9685/products/DSC_3296_b417c8fa-0001-43e1-a815-6af40993462d.jpg?v=1605544116,,"Size on label: XL<br>Recommended size: L<br>Pit to pit: 25"" // Shoulder to bottom: 28"" <br>Colour: Camo Green <br>Condition: Very good vintage condition. ",FixedPrice,30,40.925,,1,1,jackkaybuiss@hotmail.com,1,,"Preston, Lancashire",Flat,UK_RoyalMail48,0,,,2,,,,ReturnsNotAccepted,,,,,,,
Add,,155183,, 90’s Women’s Nike Sweatshirt / Small /  S /  Pink / Red  / 112TT,,,,3000,Nike, Pink / Red ,Regular, S,Men,,,,,,,,,,,Yes,,,,,,,,,,,,,,,,,,,,http://cdn.shopify.com/s/files/1/0380/3099/9685/products/4EB5351C-248F-4381-A16F-D01393AAFA4A.jpg?v=1604483882|http://cdn.shopify.com/s/files/1/0380/3099/9685/products/8594C604-0117-4379-9E9E-2359381625E2.jpg?v=1604483882|http://cdn.shopify.com/s/files/1/0380/3099/9685/products/CB431796-4EB9-4A4F-8365-8532758A3212.jpg?v=1604483883,,"Size on label: S<br>Recommended size: S<br>Pit to pit: 21"" // Shoulder to bottom: 25"" <br>Colour: Pink / Red <br>Condition: Excellent vintage condition! ",FixedPrice,30,75.9275,,1,1,jackkaybuiss@hotmail.com,1,,"Preston, Lancashire",Flat,UK_RoyalMail48,0,,,2,,,,ReturnsNotAccepted,,,,,,,
Add,,155183,,RARE  90’s Nike Sweatshirt / Large /  XL /  Black  / 113TT,,,,3000,Nike, Black ,Regular, XL,Men,,,,,,,,,,,Yes,,,,,,,,,,,,,,,,,,,,http://cdn.shopify.com/s/files/1/0380/3099/9685/products/935ED700-7294-4FDC-BEF4-520E2E92776C.jpg?v=1604483663|http://cdn.shopify.com/s/files/1/0380/3099/9685/products/FFDE0224-178D-4598-A842-F36CF092CBEF.jpg?v=1604483663|http://cdn.shopify.com/s/files/1/0380/3099/9685/products/3663C37D-1BA7-4C0D-B59E-E33B6A033B2A.jpg?v=1604483663,,"Size on label: XL<br>Recommended size: L <br>Pit to pit: 26"" // Shoulder to bottom: 27.5"" <br>Colour: Black <br>Condition: Very good vintage condition! ",FixedPrice,30,123.435,,1,1,jackkaybuiss@hotmail.com,1,,"Preston, Lancashire",Flat,UK_RoyalMail48,0,,,2,,,,ReturnsNotAccepted,,,,,,,
Add,,155183,, Reebok Sweatshirt / Medium /  N/A /  Dark Blue  / 114TT,,,,3000,Reebok, Dark Blue ,Regular, N/A,Men,,,,,,,,,,,Yes,,,,,,,,,,,,,,,,,,,,http://cdn.shopify.com/s/files/1/0380/3099/9685/products/DSC_3175.jpg?v=1603114355|http://cdn.shopify.com/s/files/1/0380/3099/9685/products/DSC_3177.jpg?v=1603114355|http://cdn.shopify.com/s/files/1/0380/3099/9685/products/DSC_3176.jpg?v=1603114356,,"Size on label: N/A<br>Recommended size: M<br>Pit to pit: 22"" // Shoulder to bottom: 26"" <br>Colour: Dark Blue <br>Condition: Very good vintage condition but signs of fading & small hole on the cuff of a sleeve. ",FixedPrice,30,54.1775,,1,1,jackkaybuiss@hotmail.com,1,,"Preston, Lancashire",Flat,UK_RoyalMail48,0,,,2,,,,ReturnsNotAccepted,,,,,,,
Add,,155183,, Nike Sweatshirt / Medium /  XL /  Plum / 115TT,,,,3000,Nike, Plum,Regular, XL,Men,,,,,,,,,,,Yes,,,,,,,,,,,,,,,,,,,,http://cdn.shopify.com/s/files/1/0380/3099/9685/products/DSC_3198.jpg?v=1603111358|http://cdn.shopify.com/s/files/1/0380/3099/9685/products/DSC_3199.jpg?v=1603111357|http://cdn.shopify.com/s/files/1/0380/3099/9685/products/DSC_3200.jpg?v=1603111357|http://cdn.shopify.com/s/files/1/0380/3099/9685/products/DSC_3202.jpg?v=1603111358|http://cdn.shopify.com/s/files/1/0380/3099/9685/products/DSC_3203.jpg?v=1603111357,,"Size on label: XL<br>Recommended size: M<br>Pit to pit: 23"" // Shoulder to bottom: 27"" <br>Colour: Plum<br>Condition: Very good vintage condition but some minor marks please see pictures. ",FixedPrice,30,61.4275,,1,1,jackkaybuiss@hotmail.com,1,,"Preston, Lancashire",Flat,UK_RoyalMail48,0,,,2,,,,ReturnsNotAccepted,,,,,,,
Add,,155183,, Acid Wash Nike Hoodie / Medium /  M /  Dark Blue / Grey Acid Wash  / 116TT,,,,3000,Nike, Dark Blue / Grey Acid Wash ,Regular, M,Men,,,,,,,,,,,Yes,,,,,,,,,,,,,,,,,,,,http://cdn.shopify.com/s/files/1/0380/3099/9685/products/DSC_3098.jpg?v=1602843339|http://cdn.shopify.com/s/files/1/0380/3099/9685/products/DSC_3099.jpg?v=1602843340,,"Size on label: M<br>Recommended size: M<br>Pit to pit: 25"" // Shoulder to bottom: 30"" <br>Colour: Dark Blue / Grey Acid Wash <br>Condition: Very good vintage condition! ",FixedPrice,30,61.4275,,1,1,jackkaybuiss@hotmail.com,1,,"Preston, Lancashire",Flat,UK_RoyalMail48,0,,,2,,,,ReturnsNotAccepted,,,,,,,
Add,,155183,, Nike 'Fitness Essentials' Sweatshirt / Medium /  M /  Drak Red  / 117TT,,,,3000,Nike, Drak Red ,Regular, M,Men,,,,,,,,,,,Yes,,,,,,,,,,,,,,,,,,,,http://cdn.shopify.com/s/files/1/0380/3099/9685/products/DSC_2860_319724a5-2215-46ad-8836-72e3a95daa6d.jpg?v=1601567108|http://cdn.shopify.com/s/files/1/0380/3099/9685/products/DSC_2861_1d8f54a9-de05-47fe-93ff-bc44949c56a4.jpg?v=1601567108|http://cdn.shopify.com/s/files/1/0380/3099/9685/products/DSC_2863_e4b385c2-5d42-46a5-bfb4-edb18a5dcb24.jpg?v=1601567108,,"Size on label: M<br>Recommended size: M<br>Pit to pit: 27"" // Shoulder to bottom: 27"" <br>Colour: Drak Red <br>Condition: Excellent vintage condition! ",FixedPrice,30,87.6825,,1,1,jackkaybuiss@hotmail.com,1,,"Preston, Lancashire",Flat,UK_RoyalMail48,0,,,2,,,,ReturnsNotAccepted,,,,,,,
Add,,155183,, 80's Adidas 'One World' 1/4 Zip Sweatshirt / Large /  D5 F174 /  Grey  / 118TT,,,,3000,Adidas, Grey ,Regular, D5 F174,Men,,,,,,,,,,,Yes,,,,,,,,,,,,,,,,,,,,http://cdn.shopify.com/s/files/1/0380/3099/9685/products/DSC_2895_954debe4-8ce7-40e0-bec2-bc5c8939c707.jpg?v=1601397652|http://cdn.shopify.com/s/files/1/0380/3099/9685/products/DSC_2896_5b95842a-8f7b-4961-af6c-6ab25e6d60c3.jpg?v=1601397652|http://cdn.shopify.com/s/files/1/0380/3099/9685/products/DSC_2897_4641a2cf-b5d4-43b6-b221-a4ea8b5ba109.jpg?v=1601397652|http://cdn.shopify.com/s/files/1/0380/3099/9685/products/DSC_2898.jpg?v=1601397651|http://cdn.shopify.com/s/files/1/0380/3099/9685/products/DSC_2899_f5a24119-bd27-4f41-ae2a-8831fb2927b4.jpg?v=1601397651,,"Size on label: D5 F174<br>Recommended size: L<br>Pit to pit: 23"" // Shoulder to bottom: 26"" <br>Colour: Grey <br>Condition: Very good vintage condition! Small mark on the back please see the final photo. ",FixedPrice,30,61.4275,,1,1,jackkaybuiss@hotmail.com,1,,"Preston, Lancashire",Flat,UK_RoyalMail48,0,,,2,,,,ReturnsNotAccepted,,,,,,,
Add,,155183,, 80's Adidas Sweatshirt / Large /  D5 F174  /  Olive Green  / 119TT,,,,3000,Adidas, Olive Green ,Regular, D5 F174 ,Men,,,,,,,,,,,Yes,,,,,,,,,,,,,,,,,,,,http://cdn.shopify.com/s/files/1/0380/3099/9685/products/DSC_2911_9002ccc3-e40c-4b89-a1b0-244ae2a05fad.jpg?v=1601396672|http://cdn.shopify.com/s/files/1/0380/3099/9685/products/DSC_2912_c3e8d955-86fb-48f7-b8ac-82e7271cf072.jpg?v=1601396672|http://cdn.shopify.com/s/files/1/0380/3099/9685/products/DSC_2913_8d0afa03-532a-4341-bc3b-574ffd7615a1.jpg?v=1601396671,,"Size on label: D5 F174 <br>Recommended size: L <br>Pit to pit: 25"" // Shoulder to bottom: 26.5"" <br>Colour: Olive Green <br>Condition: Very good vintage condition! ",FixedPrice,30,61.4275,,1,1,jackkaybuiss@hotmail.com,1,,"Preston, Lancashire",Flat,UK_RoyalMail48,0,,,2,,,,ReturnsNotAccepted,,,,,,,
Add,,155183,, 90's Nike Corduroy Hoodie / Small /  S /  Navy / Grey  / 120TT,,,,3000,Nike, Navy / Grey ,Regular, S,Men,,,,,,,,,,,Yes,,,,,,,,,,,,,,,,,,,,http://cdn.shopify.com/s/files/1/0380/3099/9685/products/DSC_2961_e340befa-b7e5-4d85-a2e5-2d7feb7a6187.jpg?v=1601223156|http://cdn.shopify.com/s/files/1/0380/3099/9685/products/DSC_2966_dc65d191-6155-43b5-bf8f-f90e1e670e11.jpg?v=1601223155|http://cdn.shopify.com/s/files/1/0380/3099/9685/products/DSC_2964.jpg?v=1601223156|http://cdn.shopify.com/s/files/1/0380/3099/9685/products/DSC_2963_ecc4a44d-8568-4926-bcbc-bb9fa716b40b.jpg?v=1601223155|http://cdn.shopify.com/s/files/1/0380/3099/9685/products/DSC_2965_d30c9510-0a3b-40dc-bc07-e450ae889af2.jpg?v=1601223156,,"Size on label: S<br>Recommended size: S/M<br>Pit to pit: 22"" // Shoulder to bottom: 26"" <br>Colour: Navy / Grey <br>Condition: Very good vintage condition! ",FixedPrice,30,68.6775,,1,1,jackkaybuiss@hotmail.com,1,,"Preston, Lancashire",Flat,UK_RoyalMail48,0,,,2,,,,ReturnsNotAccepted,,,,,,,
Add,,155183,, 90's Champion 1/4 Zip Sweatshirt / Large /  L /  Dark Grey  / 121TT,,,,3000,Champion, Dark Grey ,Regular, L,Men,,,,,,,,,,,Yes,,,,,,,,,,,,,,,,,,,,http://cdn.shopify.com/s/files/1/0380/3099/9685/products/DSC_3003_e81c6399-4475-4681-aec4-921ae903f480.jpg?v=1601221395|http://cdn.shopify.com/s/files/1/0380/3099/9685/products/DSC_3004_f67a4ba3-1a8a-47cb-af72-d415c265f3cc.jpg?v=1601221395|http://cdn.shopify.com/s/files/1/0380/3099/9685/products/DSC_3005_3ca27c32-7240-4555-b783-4fa6fc7ff87c.jpg?v=1601221395,,"Size on label: L<br>Recommended size: L<br>Pit to pit: 25"" // Shoulder to bottom: 28"" <br>Colour: Dark Grey <br>Condition: Very good vintage condition! ",FixedPrice,30,61.4275,,1,1,jackkaybuiss@hotmail.com,1,,"Preston, Lancashire",Flat,UK_RoyalMail48,0,,,2,,,,ReturnsNotAccepted,,,,,,,
Add,,155183,, Adidas Sweatshirt / Xtra Large /  N/A /  Red / 122TT,,,,3000,Adidas, Red,Regular, N/A,Men,,,,,,,,,,,Yes,,,,,,,,,,,,,,,,,,,,http://cdn.shopify.com/s/files/1/0380/3099/9685/products/DSC_2935.jpg?v=1601140392|http://cdn.shopify.com/s/files/1/0380/3099/9685/products/DSC_2936.jpg?v=1601140393|http://cdn.shopify.com/s/files/1/0380/3099/9685/products/DSC_2937.jpg?v=1601140393|http://cdn.shopify.com/s/files/1/0380/3099/9685/products/DSC_2938.jpg?v=1601140392,,"Size on label: N/A<br>Recommended size: XL<br>Pit to pit: 28"" // Shoulder to bottom: 30"" <br>Colour: Red<br>Condition: Very good vintage condition! ",FixedPrice,30,54.1775,,1,1,jackkaybuiss@hotmail.com,1,,"Preston, Lancashire",Flat,UK_RoyalMail48,0,,,2,,,,ReturnsNotAccepted,,,,,,,
Add,,155183,, Umbro Sweatshirt / Xtra Large /  XL /  Orange  / 123TT,,,,3000,Umbro, Orange ,Regular, XL,Men,,,,,,,,,,,Yes,,,,,,,,,,,,,,,,,,,,http://cdn.shopify.com/s/files/1/0380/3099/9685/products/DSC_2939.jpg?v=1601140243|http://cdn.shopify.com/s/files/1/0380/3099/9685/products/DSC_2940.jpg?v=1601140242|http://cdn.shopify.com/s/files/1/0380/3099/9685/products/DSC_2941_502253bb-bec6-4e70-b2b0-ff6d49ba1c67.jpg?v=1601140243,,"Size on label: XL<br>Recommended size: XL<br>Pit to pit: 27"" // Shoulder to bottom: 29"" <br>Colour: Orange <br>Condition: Very good vintage condition! ",FixedPrice,30,48.425,,1,1,jackkaybuiss@hotmail.com,1,,"Preston, Lancashire",Flat,UK_RoyalMail48,0,,,2,,,,ReturnsNotAccepted,,,,,,,
Add,,155183,, Chaps Denim Sweatshirt / Xtra Large /  N/A  /  Red  / 124TT,,,,3000,Chaps, Red ,Regular, N/A ,Men,,,,,,,,,,,Yes,,,,,,,,,,,,,,,,,,,,http://cdn.shopify.com/s/files/1/0380/3099/9685/products/DSC_2997.jpg?v=1601137182|http://cdn.shopify.com/s/files/1/0380/3099/9685/products/DSC_2998.jpg?v=1601137183|http://cdn.shopify.com/s/files/1/0380/3099/9685/products/DSC_2999.jpg?v=1601137182|http://cdn.shopify.com/s/files/1/0380/3099/9685/products/DSC_3000.jpg?v=1601137182,,"Size on label: N/A <br>Recommended size: XL<br>Pit to pit: 26"" // Shoulder to bottom: 29"" <br>Colour: Red <br>Condition: Very good vintage condition! Some minor dirt marks please see pictures. ",FixedPrice,30,54.1775,,1,1,jackkaybuiss@hotmail.com,1,,"Preston, Lancashire",Flat,UK_RoyalMail48,0,,,2,,,,ReturnsNotAccepted,,,,,,,
Add,,155183,, Aztec 1/4 Sweater / Large /  L /  Blue / Cream / Gold  / 125TT,,,,3000,Unbranded, Blue / Cream / Gold ,Regular, L,Men,,,,,,,,,,,Yes,,,,,,,,,,,,,,,,,,,,http://cdn.shopify.com/s/files/1/0380/3099/9685/products/DSC_2917.jpg?v=1600438099|http://cdn.shopify.com/s/files/1/0380/3099/9685/products/DSC_2918.jpg?v=1600444216,,"Size on label: L<br>Recommended size: L<br>Pit to pit: 24"" // Shoulder to bottom: 26""<br>Colour: Blue / Cream / Gold <br>Condition: Excellent vintage condition! ",FixedPrice,30,35.42,,1,1,jackkaybuiss@hotmail.com,1,,"Preston, Lancashire",Flat,UK_RoyalMail48,0,,,2,,,,ReturnsNotAccepted,,,,,,,
Add,,155183,, Baja Hoodie / Xtra Large /  XL /  Black / Purple / Blue / Green  / 126TT,,,,3000,Unbranded, Black / Purple / Blue / Green ,Regular, XL,Men,,,,,,,,,,,Yes,,,,,,,,,,,,,,,,,,,,http://cdn.shopify.com/s/files/1/0380/3099/9685/products/DSC_2899.jpg?v=1600435711|http://cdn.shopify.com/s/files/1/0380/3099/9685/products/DSC_2900.jpg?v=1600435711,,"Size on label: XL<br>Recommended size: XL<br>Pit to pit: 26"" // Shoulder to bottom: 29""<br>Colour: Black / Purple / Blue / Green <br>Condition: Very good vintage condition! ",FixedPrice,30,35.42,,1,1,jackkaybuiss@hotmail.com,1,,"Preston, Lancashire",Flat,UK_RoyalMail48,0,,,2,,,,ReturnsNotAccepted,,,,,,,
Add,,155183,, 00's Nike Full/Zip Sweater / Medium /  M /  Light Blue / Grey  / 127TT,,,,3000,Nike, Light Blue / Grey ,Regular, M,Men,,,,,,,,,,,Yes,,,,,,,,,,,,,,,,,,,,http://cdn.shopify.com/s/files/1/0380/3099/9685/products/DSC_2866.jpg?v=1600429490|http://cdn.shopify.com/s/files/1/0380/3099/9685/products/DSC_2867.jpg?v=1600429489,,"Size on label: M<br>Recommended size: M<br>Pit to pit: 23"" // Shoulder to bottom: 28.5"" <br>Colour: Light Blue / Grey <br>Condition: Very good vintage condition! ",FixedPrice,30,48.425,,1,1,jackkaybuiss@hotmail.com,1,,"Preston, Lancashire",Flat,UK_RoyalMail48,0,,,2,,,,ReturnsNotAccepted,,,,,,,
Add,,155183,, 00's Nike Fleece / XL /  XL /  Black / 128TT,,,,3000,Nike, Black,Regular, XL,Men,,,,,,,,,,,Yes,,,,,,,,,,,,,,,,,,,,http://cdn.shopify.com/s/files/1/0380/3099/9685/products/DSC_2753_f3e9dce5-02e7-492b-8849-d484dbcea8d1.jpg?v=1600362079|http://cdn.shopify.com/s/files/1/0380/3099/9685/products/DSC_2754_0002e0ed-a279-4013-8c0a-bd7230d2b9f2.jpg?v=1600362089,,"Size on label: XL<br>Recommended size: XL<br>Pit to pit: 25"" // Shoulder to bottom: 28.5"" <br>Colour: Black<br>Condition: Very good vintage condition! ",FixedPrice,30,40.925,,1,1,jackkaybuiss@hotmail.com,1,,"Preston, Lancashire",Flat,UK_RoyalMail48,0,,,2,,,,ReturnsNotAccepted,,,,,,,
Add,,155183,, Nike Zip/up Sweatshirt / XL /  XL /  Dark Blue / 129TT,,,,3000,Nike, Dark Blue,Regular, XL,Men,,,,,,,,,,,Yes,,,,,,,,,,,,,,,,,,,,http://cdn.shopify.com/s/files/1/0380/3099/9685/products/DSC_2758_e70c19a9-595c-4738-ae50-75469907f185.jpg?v=1600362066|http://cdn.shopify.com/s/files/1/0380/3099/9685/products/DSC_2761_1ebdcf2f-6d6d-46f9-be67-84f306b19e4b.jpg?v=1600362049|http://cdn.shopify.com/s/files/1/0380/3099/9685/products/DSC_2759_40c738e7-385c-4c7d-80ee-79c28c3b2b2d.jpg?v=1600362050|http://cdn.shopify.com/s/files/1/0380/3099/9685/products/DSC_2760_5efbbf57-d649-42c8-85b8-c4fbab7e30f3.jpg?v=1600362049,,"Size on label: XL<br>Recommended size: XL <br>Pit to pit: 25"" // Shoulder to bottom: 29"" <br>Colour: Dark Blue<br>Condition: Excellent vintage condition! ",FixedPrice,30,40.925,,1,1,jackkaybuiss@hotmail.com,1,,"Preston, Lancashire",Flat,UK_RoyalMail48,0,,,2,,,,ReturnsNotAccepted,,,,,,,
Add,,155183,, 00's Nike Air Sweatshirt / Xtra Large /  XL /  Salmon Pink  / 130TT,,,,3000,Nike, Salmon Pink ,Regular, XL,Men,,,,,,,,,,,Yes,,,,,,,,,,,,,,,,,,,,http://cdn.shopify.com/s/files/1/0380/3099/9685/products/DSC_2776_7d9f0d28-c9af-44d3-bac1-57a4e36cd79e.jpg?v=1597765553|http://cdn.shopify.com/s/files/1/0380/3099/9685/products/DSC_2777_fd2b31b1-278d-4415-b40d-3e5511f17194.jpg?v=1597765553,,"Size on label: XL<br>Recommended size: XL<br>Pit to pit: 28"" // Shoulder to bottom: 29"" <br>Colour: Salmon Pink <br>Condition: Excellent vintage condition! ",FixedPrice,30,61.4275,,1,1,jackkaybuiss@hotmail.com,1,,"Preston, Lancashire",Flat,UK_RoyalMail48,0,,,2,,,,ReturnsNotAccepted,,,,,,,
Add,,155183,, Asics Hoodie / Xtra Large /  XL /  Yellow  / 131TT,,,,3000,Asics, Yellow ,Regular, XL,Men,,,,,,,,,,,Yes,,,,,,,,,,,,,,,,,,,,http://cdn.shopify.com/s/files/1/0380/3099/9685/products/72B328FA-E546-4E42-B3F7-552823077EAD.jpg?v=1597154309|http://cdn.shopify.com/s/files/1/0380/3099/9685/products/DSC_2761.jpg?v=1597152295|http://cdn.shopify.com/s/files/1/0380/3099/9685/products/DSC_2762_48e14aa8-f13a-4604-b7f6-14e78b8cb306.jpg?v=1597152294,,"Size on label: XL<br>Recommended size: XL<br>Pit to pit: 27"" // Shoulder to bottom: 30"" <br>Colour: Yellow <br>Condition: Excellent vintage condition! ",FixedPrice,30,54.1775,,1,1,jackkaybuiss@hotmail.com,1,,"Preston, Lancashire",Flat,UK_RoyalMail48,0,,,2,,,,ReturnsNotAccepted,,,,,,,
Add,,155183,, USA College Champion Sweatshirt / Xtra Large /  XL  /  Dark Green  / 132TT,,,,3000,Champion, Dark Green ,Regular, XL ,Men,,,,,,,,,,,Yes,,,,,,,,,,,,,,,,,,,,http://cdn.shopify.com/s/files/1/0380/3099/9685/products/DSC_2738_25e1aa34-b62e-4e55-bdec-5a95445996e1.jpg?v=1594302041|http://cdn.shopify.com/s/files/1/0380/3099/9685/products/DSC_2740_13e0ca5b-fdc9-4c65-9b49-a20c164c328b.jpg?v=1594302041|http://cdn.shopify.com/s/files/1/0380/3099/9685/products/DSC_2741_f315c79a-e86c-47b2-bcb6-df6a2a2476fb.jpg?v=1594302041,,"Size on label: XL <br>Recommended size: XL<br>Pit to pit: 24.5"" // Shoulder to bottom: 30"" <br>Colour: Dark Green <br>Condition: Very good vintage condition! ",FixedPrice,30,54.1775,,1,1,jackkaybuiss@hotmail.com,1,,"Preston, Lancashire",Flat,UK_RoyalMail48,0,,,2,,,,ReturnsNotAccepted,,,,,,,
Add,,155183,, Fila Sweatshirt / Xtra Large /  XL  /  Black  / 133TT,,,,3000,Fila, Black ,Regular, XL ,Men,,,,,,,,,,,Yes,,,,,,,,,,,,,,,,,,,,http://cdn.shopify.com/s/files/1/0380/3099/9685/products/DSC_2676_8c0d5b71-3cb2-414c-9e10-b63261f6ce9b.jpg?v=1594135814|http://cdn.shopify.com/s/files/1/0380/3099/9685/products/DSC_2678_ced788b4-8c4b-4cf5-a25e-95dc114c3ae3.jpg?v=1594135814|http://cdn.shopify.com/s/files/1/0380/3099/9685/products/DSC_2677_89fbf270-a24e-4381-b0f9-8d3bbd191fc5.jpg?v=1594135814,,"Size on label: XL <br>Recommended size: XL<br>Pit to pit: 26"" // Shoulder to bottom: 29"" <br>Colour: Black <br>Condition: Very good vintage condition! ",FixedPrice,30,48.425,,1,1,jackkaybuiss@hotmail.com,1,,"Preston, Lancashire",Flat,UK_RoyalMail48,0,,,2,,,,ReturnsNotAccepted,,,,,,,
Add,,155183,, Levis Sweatshirt / Xtra large /  XL /  Light Grey  / 134TT,,,,3000,Levis, Light Grey ,Regular, XL,Men,,,,,,,,,,,Yes,,,,,,,,,,,,,,,,,,,,http://cdn.shopify.com/s/files/1/0380/3099/9685/products/DSC_2679_71899659-6849-4315-8f43-b34e9931f18f.jpg?v=1593447779|http://cdn.shopify.com/s/files/1/0380/3099/9685/products/DSC_2680_62257c94-b805-470c-bbc4-9299c5dfdd8e.jpg?v=1593447779,,"Size on label: XL<br>Recommended size: XL<br>Pit to pit: 28 // Shoulder to bottom: 29.5"" <br>Colour: Light Grey <br>Condition: Good vintage condition.  ",FixedPrice,30,48.425,,1,1,jackkaybuiss@hotmail.com,1,,"Preston, Lancashire",Flat,UK_RoyalMail48,0,,,2,,,,ReturnsNotAccepted,,,,,,,
Add,,155183,, Ralph Lauren Sweatshirt / Large /  L /  Grey & Red  / 135TT,,,,3000,Ralph Lauren, Grey & Red ,Regular, L,Men,,,,,,,,,,,Yes,,,,,,,,,,,,,,,,,,,,http://cdn.shopify.com/s/files/1/0380/3099/9685/products/DSC_2691_18622f84-252b-44b4-aa43-7ca62e5c75ab.jpg?v=1593447140|http://cdn.shopify.com/s/files/1/0380/3099/9685/products/DSC_2692_e5fb861e-4591-4367-9d1e-ace142cc47cc.jpg?v=1593447139|http://cdn.shopify.com/s/files/1/0380/3099/9685/products/DSC_2693_3ab827ae-d371-4e2a-ad5d-ff43c630c1a7.jpg?v=1593447140,,"Size on label: L<br>Recommended size: L<br>Pit to pit: 24"" // Shoulder to bottom: 29"" <br>Colour: Grey & Red <br>Condition: Good vintage condition.  ",FixedPrice,30,40.925,,1,1,jackkaybuiss@hotmail.com,1,,"Preston, Lancashire",Flat,UK_RoyalMail48,0,,,2,,,,ReturnsNotAccepted,,,,,,,
Add,,155183,, Adidas Sweatshirt / Xtra Large /  XL /  Drak Red / 136TT,,,,3000,Adidas, Drak Red,Regular, XL,Men,,,,,,,,,,,Yes,,,,,,,,,,,,,,,,,,,,http://cdn.shopify.com/s/files/1/0380/3099/9685/products/DSC_2700_42be455d-019a-4966-a55d-dba1ee5ca46b.jpg?v=1593446842|http://cdn.shopify.com/s/files/1/0380/3099/9685/products/DSC_2701_847e8b2c-00ce-4fc1-8d88-148bdb8e6a4f.jpg?v=1593446842,,"Size on label: XL<br>Recommended size: XL<br>Pit to pit: 26"" // Shoulder to bottom: 28.5"" <br>Colour: Drak Red<br>Condition: Very good vintage condition.  ",FixedPrice,30,37.925,,1,1,jackkaybuiss@hotmail.com,1,,"Preston, Lancashire",Flat,UK_RoyalMail48,0,,,2,,,,ReturnsNotAccepted,,,,,,,
Add,,155183,, 90's Adidas Sweatshirt / Xtra Large /  D7 F186  /  Black / 137TT,,,,3000,Adidas, Black,Regular, D7 F186 ,Men,,,,,,,,,,,Yes,,,,,,,,,,,,,,,,,,,,http://cdn.shopify.com/s/files/1/0380/3099/9685/products/DSC_2704_9dec7a72-4b19-4f9e-b1e9-d6eb5a5b85a7.jpg?v=1593003961|http://cdn.shopify.com/s/files/1/0380/3099/9685/products/DSC_2705_fe0c627c-86e2-41a2-9130-1588ffe2653f.jpg?v=1593003962|http://cdn.shopify.com/s/files/1/0380/3099/9685/products/DSC_2707_65c13592-d33e-4add-9802-8e528fdef158.jpg?v=1593003961,,"Size on label: D7 F186 <br>Recommended size: XL<br>Pit to pit: 25"" // Shoulder to bottom: 30"" <br>Colour: Black<br>Condition: Good vintage condition! ",FixedPrice,30,48.425,,1,1,jackkaybuiss@hotmail.com,1,,"Preston, Lancashire",Flat,UK_RoyalMail48,0,,,2,,,,ReturnsNotAccepted,,,,,,,
Add,,155183,, Adidas Sweatshirt / Xtra Large /  XL /  Dark Blue  / 138TT,,,,3000,Adidas, Dark Blue ,Regular, XL,Men,,,,,,,,,,,Yes,,,,,,,,,,,,,,,,,,,,http://cdn.shopify.com/s/files/1/0380/3099/9685/products/DSC_2679_3d481470-42a3-4e08-9ac4-75d9e133aab1.jpg?v=1592837635|http://cdn.shopify.com/s/files/1/0380/3099/9685/products/DSC_2680_4ca5eed3-846b-4ec2-a439-b0830bcfc006.jpg?v=1592837634|http://cdn.shopify.com/s/files/1/0380/3099/9685/products/DSC_2681_4b1dc9f0-5938-4746-bf98-31f82a90edd2.jpg?v=1592837635,,"Size on label: XL<br>Recommended size: XL <br>Pit to pit: 26"" // Shoulder to bottom: 29"" <br>Colour: Dark Blue <br>Condition: Very good vintage condition.   ",FixedPrice,30,35.42,,1,1,jackkaybuiss@hotmail.com,1,,"Preston, Lancashire",Flat,UK_RoyalMail48,0,,,2,,,,ReturnsNotAccepted,,,,,,,
Add,,155183,, GAP 1/4 Sweatshirt / Xtra Large /  XL /  Navy  / 139TT,,,,3000,GAP, Navy ,Regular, XL,Men,,,,,,,,,,,Yes,,,,,,,,,,,,,,,,,,,,http://cdn.shopify.com/s/files/1/0380/3099/9685/products/DSC_2693_bb624088-9701-461c-a2db-5a9e7dfdcf92.jpg?v=1592836833|http://cdn.shopify.com/s/files/1/0380/3099/9685/products/DSC_2695_d9c613a8-8ee4-4efe-a9f5-4dfa54295b79.jpg?v=1592836834|http://cdn.shopify.com/s/files/1/0380/3099/9685/products/DSC_2696_580820ce-1001-4b31-bacb-c2f01af189eb.jpg?v=1592836834,,"Size on label: XL<br>Recommended size: XL<br>Pit to pit: 25"" // Shoulder to bottom: 28"" <br>Colour: Navy <br>Condition: Very good vintage condition.   ",FixedPrice,30,35.42,,1,1,jackkaybuiss@hotmail.com,1,,"Preston, Lancashire",Flat,UK_RoyalMail48,0,,,2,,,,ReturnsNotAccepted,,,,,,,
Add,,155183,, Nike Hoodie / Large /  L /  Grey  / 140TT,,,,3000,Nike, Grey ,Regular, L,Men,,,,,,,,,,,Yes,,,,,,,,,,,,,,,,,,,,http://cdn.shopify.com/s/files/1/0380/3099/9685/products/DSC_2711_38f37ea8-e90d-4444-9566-0eb656dcd3a3.jpg?v=1592835962|http://cdn.shopify.com/s/files/1/0380/3099/9685/products/DSC_2712_329e94a4-de17-44cf-ad92-1ae7b1bcd3e2.jpg?v=1592835962|http://cdn.shopify.com/s/files/1/0380/3099/9685/products/DSC_2713_7e4eb6c3-bacf-424c-9295-11828bc691f3.jpg?v=1592835962,,"Size on label: L<br>Recommended size: L<br>Pit to pit: 25"" // Shoulder to bottom: 26.5"" <br>Colour: Grey <br>Condition: Good vintage condition. ",FixedPrice,30,40.925,,1,1,jackkaybuiss@hotmail.com,1,,"Preston, Lancashire",Flat,UK_RoyalMail48,0,,,2,,,,ReturnsNotAccepted,,,,,,,
Add,,155183,, Puma Sweatshirt / XL /  XL  /  Dark Blue  / 141TT,,,,3000,Puma, Dark Blue ,Regular, XL ,Men,,,,,,,,,,,Yes,,,,,,,,,,,,,,,,,,,,http://cdn.shopify.com/s/files/1/0380/3099/9685/products/DSC_2688_42dacb8d-6efd-4c56-8c5a-a9f37e6a32ce.jpg?v=1592217744|http://cdn.shopify.com/s/files/1/0380/3099/9685/products/DSC_2689_76bb9b12-3232-4c3b-b434-5ba2f2ee7630.jpg?v=1592217745,,"Size on label: XL <br>Recommended size: XL<br>Pit to pit: 25.5"" // Shoulder to bottom: 30"" <br>Colour: Dark Blue <br>Condition: Excellent vintage condition.   ",FixedPrice,30,43.925,,1,1,jackkaybuiss@hotmail.com,1,,"Preston, Lancashire",Flat,UK_RoyalMail48,0,,,2,,,,ReturnsNotAccepted,,,,,,,
Add,,155183,, Nautica 1/4 Sweatshirt / Xtra Large /  XL /  Navy  / 142TT,,,,3000,Nautica, Navy ,Regular, XL,Men,,,,,,,,,,,Yes,,,,,,,,,,,,,,,,,,,,http://cdn.shopify.com/s/files/1/0380/3099/9685/products/DSC_2654.jpg?v=1591797165|http://cdn.shopify.com/s/files/1/0380/3099/9685/products/DSC_2655.jpg?v=1591797168,,"Size on label: XL<br>Recommended size: XL<br>Pit to pit: 24.5"" // Shoulder to bottom: 29"" <br>Colour: Navy <br>Condition: Good vintage condition some signs of wear. ",FixedPrice,30,32.22,,1,1,jackkaybuiss@hotmail.com,1,,"Preston, Lancashire",Flat,UK_RoyalMail48,0,,,2,,,,ReturnsNotAccepted,,,,,,,
Add,,155183,, Nike 6.0 Zip/Up Hoodie / Large /  L /  Charcoal Grey  / 143TT,,,,3000,Nike, Charcoal Grey ,Regular, L,Men,,,,,,,,,,,Yes,,,,,,,,,,,,,,,,,,,,http://cdn.shopify.com/s/files/1/0380/3099/9685/products/DSC_2686_dbfda3f2-b5b5-4cb0-ba75-f06b846a27a1.jpg?v=1591794184|http://cdn.shopify.com/s/files/1/0380/3099/9685/products/DSC_2687_b75d0554-82b1-45d4-8bcd-7bb765b952e2.jpg?v=1591794185,,"Size on label: L<br>Recommended size: L<br>Pit to pit: 23"" // Shoulder to bottom: 29"" <br>Colour: Charcoal Grey <br>Condition: Excellent vintage condition!",FixedPrice,30,27.42,,1,1,jackkaybuiss@hotmail.com,1,,"Preston, Lancashire",Flat,UK_RoyalMail48,0,,,2,,,,ReturnsNotAccepted,,,,,,,
Add,,155183,, Adidas Zip/Up Hoodie / Xtra Large /  XL  /  Red  / 144TT,,,,3000,Adidas, Red ,Regular, XL ,Men,,,,,,,,,,,Yes,,,,,,,,,,,,,,,,,,,,http://cdn.shopify.com/s/files/1/0380/3099/9685/products/DSC_2729.jpg?v=1591702913|http://cdn.shopify.com/s/files/1/0380/3099/9685/products/DSC_2731.jpg?v=1591702913,,"Size on label: XL <br>Recommended size: XL <br>Pit to pit: 25"" // Shoulder to bottom: 29"" <br>Colour: Red <br>Condition: Very good vintage condition! ",FixedPrice,30,27.42,,1,1,jackkaybuiss@hotmail.com,1,,"Preston, Lancashire",Flat,UK_RoyalMail48,0,,,2,,,,ReturnsNotAccepted,,,,,,,
